--
-- PostgreSQL database dump
--

\restrict FCvvK2pQic9bxYCMpwtbmgfEuLT6KzQG5OV6ZTMRWuDXYynxORVwRx3NzErUZ4s

-- Dumped from database version 16.10 (Ubuntu 16.10-0ubuntu0.24.04.1)
-- Dumped by pg_dump version 16.10 (Ubuntu 16.10-0ubuntu0.24.04.1)

SET statement_timeout = 0;
SET lock_timeout = 0;
SET idle_in_transaction_session_timeout = 0;
SET client_encoding = 'UTF8';
SET standard_conforming_strings = on;
SELECT pg_catalog.set_config('search_path', '', false);
SET check_function_bodies = false;
SET xmloption = content;
SET client_min_messages = warning;
SET row_security = off;

SET default_tablespace = '';

SET default_table_access_method = heap;

--
-- Name: activity_log; Type: TABLE; Schema: public; Owner: postgres
--

CREATE TABLE public.activity_log (
    id_activity bigint NOT NULL,
    action character varying(20) NOT NULL,
    description character varying(200),
    entity_id bigint NOT NULL,
    entity_type character varying(50) NOT NULL,
    ip_address character varying(45),
    new_values text,
    old_values text,
    "timestamp" timestamp(6) without time zone NOT NULL,
    user_agent character varying(500),
    user_email character varying(100) NOT NULL,
    user_name character varying(100),
    date_now timestamp without time zone DEFAULT now() NOT NULL,
    CONSTRAINT activity_log_action_check CHECK (((action)::text = ANY ((ARRAY['CREATE'::character varying, 'READ'::character varying, 'UPDATE'::character varying, 'DELETE'::character varying, 'SEARCH'::character varying, 'LOGIN'::character varying, 'LOGOUT'::character varying])::text[]))),
    CONSTRAINT activity_log_entity_type_check CHECK (((entity_type)::text = ANY ((ARRAY['APPRENANT'::character varying, 'FORMATION'::character varying, 'PAIEMENT'::character varying, 'INSCRIPTION'::character varying, 'UTILISATEUR'::character varying])::text[])))
);


ALTER TABLE public.activity_log OWNER TO postgres;

--
-- Name: activity_log_id_activity_seq; Type: SEQUENCE; Schema: public; Owner: postgres
--

ALTER TABLE public.activity_log ALTER COLUMN id_activity ADD GENERATED BY DEFAULT AS IDENTITY (
    SEQUENCE NAME public.activity_log_id_activity_seq
    START WITH 1
    INCREMENT BY 1
    NO MINVALUE
    NO MAXVALUE
    CACHE 1
);


--
-- Name: apprenant; Type: TABLE; Schema: public; Owner: postgres
--

CREATE TABLE public.apprenant (
    id_apprenant bigint NOT NULL,
    nom character varying(50) NOT NULL,
    prenom character varying(50) NOT NULL,
    email character varying(100) NOT NULL,
    telephone character varying(20),
    adresse text,
    date_naissance date,
    cin character varying(20) NOT NULL,
    date_now timestamp without time zone DEFAULT now() NOT NULL
);


ALTER TABLE public.apprenant OWNER TO postgres;

--
-- Name: apprenant_id_apprenant_seq; Type: SEQUENCE; Schema: public; Owner: postgres
--

CREATE SEQUENCE public.apprenant_id_apprenant_seq
    AS integer
    START WITH 1
    INCREMENT BY 1
    NO MINVALUE
    NO MAXVALUE
    CACHE 1;


ALTER SEQUENCE public.apprenant_id_apprenant_seq OWNER TO postgres;

--
-- Name: apprenant_id_apprenant_seq; Type: SEQUENCE OWNED BY; Schema: public; Owner: postgres
--

ALTER SEQUENCE public.apprenant_id_apprenant_seq OWNED BY public.apprenant.id_apprenant;


--
-- Name: formation; Type: TABLE; Schema: public; Owner: postgres
--

CREATE TABLE public.formation (
    id_formation bigint NOT NULL,
    nom character varying(100) NOT NULL,
    description text,
    duree integer NOT NULL,
    frais numeric(10,2) NOT NULL,
    date_now timestamp without time zone DEFAULT now() NOT NULL
);


ALTER TABLE public.formation OWNER TO postgres;

--
-- Name: formation_id_formation_seq; Type: SEQUENCE; Schema: public; Owner: postgres
--

CREATE SEQUENCE public.formation_id_formation_seq
    AS integer
    START WITH 1
    INCREMENT BY 1
    NO MINVALUE
    NO MAXVALUE
    CACHE 1;


ALTER SEQUENCE public.formation_id_formation_seq OWNER TO postgres;

--
-- Name: formation_id_formation_seq; Type: SEQUENCE OWNED BY; Schema: public; Owner: postgres
--

ALTER SEQUENCE public.formation_id_formation_seq OWNED BY public.formation.id_formation;


--
-- Name: inscription; Type: TABLE; Schema: public; Owner: postgres
--

CREATE TABLE public.inscription (
    id_inscription bigint NOT NULL,
    id_apprenant bigint NOT NULL,
    id_formation bigint NOT NULL,
    date_inscription date DEFAULT CURRENT_DATE,
    statut character varying(20) DEFAULT 'En attente'::character varying,
    droit_inscription numeric(10,2) DEFAULT 0,
    date_now timestamp without time zone DEFAULT now() NOT NULL
);


ALTER TABLE public.inscription OWNER TO postgres;

--
-- Name: inscription_id_inscription_seq; Type: SEQUENCE; Schema: public; Owner: postgres
--

CREATE SEQUENCE public.inscription_id_inscription_seq
    AS integer
    START WITH 1
    INCREMENT BY 1
    NO MINVALUE
    NO MAXVALUE
    CACHE 1;


ALTER SEQUENCE public.inscription_id_inscription_seq OWNER TO postgres;

--
-- Name: inscription_id_inscription_seq; Type: SEQUENCE OWNED BY; Schema: public; Owner: postgres
--

ALTER SEQUENCE public.inscription_id_inscription_seq OWNED BY public.inscription.id_inscription;


--
-- Name: paiement; Type: TABLE; Schema: public; Owner: postgres
--

CREATE TABLE public.paiement (
    id_paiement bigint NOT NULL,
    id_inscription bigint NOT NULL,
    date_paiement date DEFAULT CURRENT_DATE,
    montant numeric(10,2) NOT NULL,
    mode_paiement character varying(20) DEFAULT 'Espèce'::character varying,
    module character varying(20) DEFAULT 'Module 1'::character varying,
    date_now timestamp without time zone DEFAULT now() NOT NULL
);


ALTER TABLE public.paiement OWNER TO postgres;

--
-- Name: paiement_id_paiement_seq; Type: SEQUENCE; Schema: public; Owner: postgres
--

CREATE SEQUENCE public.paiement_id_paiement_seq
    AS integer
    START WITH 1
    INCREMENT BY 1
    NO MINVALUE
    NO MAXVALUE
    CACHE 1;


ALTER SEQUENCE public.paiement_id_paiement_seq OWNER TO postgres;

--
-- Name: paiement_id_paiement_seq; Type: SEQUENCE OWNED BY; Schema: public; Owner: postgres
--

ALTER SEQUENCE public.paiement_id_paiement_seq OWNED BY public.paiement.id_paiement;


--
-- Name: utilisateurs; Type: TABLE; Schema: public; Owner: postgres
--

CREATE TABLE public.utilisateurs (
    id_utilisateur bigint NOT NULL,
    email character varying(255) NOT NULL,
    mot_de_passe_hash character varying(255) NOT NULL,
    prenom character varying(100) NOT NULL,
    nom character varying(100) NOT NULL,
    role character varying(20) DEFAULT 'USER'::character varying NOT NULL,
    derniere_connexion timestamp without time zone,
    tentatives_connexion_echec integer DEFAULT 0,
    compte_verrouille boolean DEFAULT false,
    token_reinitialisation character varying(255),
    token_expiration timestamp without time zone,
    telephone character varying(20),
    statut character varying(20) DEFAULT 'ACTIF'::character varying NOT NULL,
    email_verifie boolean DEFAULT false,
    date_creation timestamp without time zone DEFAULT CURRENT_TIMESTAMP NOT NULL,
    date_modification timestamp without time zone DEFAULT CURRENT_TIMESTAMP,
    preferences_langue character varying(5) DEFAULT 'fr'::character varying,
    theme_preference character varying(10) DEFAULT 'LIGHT'::character varying,
    date_now timestamp without time zone DEFAULT now() NOT NULL
);


ALTER TABLE public.utilisateurs OWNER TO postgres;

--
-- Name: utilisateurs_id_utilisateur_seq; Type: SEQUENCE; Schema: public; Owner: postgres
--

CREATE SEQUENCE public.utilisateurs_id_utilisateur_seq
    START WITH 1
    INCREMENT BY 1
    NO MINVALUE
    NO MAXVALUE
    CACHE 1;


ALTER SEQUENCE public.utilisateurs_id_utilisateur_seq OWNER TO postgres;

--
-- Name: utilisateurs_id_utilisateur_seq; Type: SEQUENCE OWNED BY; Schema: public; Owner: postgres
--

ALTER SEQUENCE public.utilisateurs_id_utilisateur_seq OWNED BY public.utilisateurs.id_utilisateur;


--
-- Name: apprenant id_apprenant; Type: DEFAULT; Schema: public; Owner: postgres
--

ALTER TABLE ONLY public.apprenant ALTER COLUMN id_apprenant SET DEFAULT nextval('public.apprenant_id_apprenant_seq'::regclass);


--
-- Name: formation id_formation; Type: DEFAULT; Schema: public; Owner: postgres
--

ALTER TABLE ONLY public.formation ALTER COLUMN id_formation SET DEFAULT nextval('public.formation_id_formation_seq'::regclass);


--
-- Name: inscription id_inscription; Type: DEFAULT; Schema: public; Owner: postgres
--

ALTER TABLE ONLY public.inscription ALTER COLUMN id_inscription SET DEFAULT nextval('public.inscription_id_inscription_seq'::regclass);


--
-- Name: paiement id_paiement; Type: DEFAULT; Schema: public; Owner: postgres
--

ALTER TABLE ONLY public.paiement ALTER COLUMN id_paiement SET DEFAULT nextval('public.paiement_id_paiement_seq'::regclass);


--
-- Name: utilisateurs id_utilisateur; Type: DEFAULT; Schema: public; Owner: postgres
--

ALTER TABLE ONLY public.utilisateurs ALTER COLUMN id_utilisateur SET DEFAULT nextval('public.utilisateurs_id_utilisateur_seq'::regclass);


--
-- Data for Name: activity_log; Type: TABLE DATA; Schema: public; Owner: postgres
--

COPY public.activity_log (id_activity, action, description, entity_id, entity_type, ip_address, new_values, old_values, "timestamp", user_agent, user_email, user_name, date_now) FROM stdin;
1	READ	Consultation dans Formation via getAll	0	FORMATION	\N	\N	\N	2025-09-24 17:49:11.624734	\N	system@formation.com	system	2025-09-24 18:33:23.263379
2	READ	Consultation dans Formation via getAll	0	FORMATION	\N	\N	\N	2025-09-24 17:54:53.265581	\N	system@formation.com	system	2025-09-24 18:33:23.263379
3	READ	Consultation dans Apprenant via getAll	0	APPRENANT	\N	\N	\N	2025-09-24 17:55:10.646589	\N	system@formation.com	system	2025-09-24 18:33:23.263379
4	READ	Consultation dans Apprenant via getAll	0	APPRENANT	\N	\N	\N	2025-09-24 17:55:29.932281	\N	system@formation.com	system	2025-09-24 18:33:23.263379
5	READ	Consultation dans Apprenant via getAll	0	APPRENANT	\N	\N	\N	2025-09-24 17:59:45.114035	\N	system@formation.com	system	2025-09-24 18:33:23.263379
6	READ	Consultation dans Apprenant via getAll	0	APPRENANT	\N	\N	\N	2025-09-24 18:03:22.944257	\N	system@formation.com	system	2025-09-24 18:33:23.263379
7	READ	Consultation dans Formation via getAll	0	FORMATION	\N	\N	\N	2025-09-24 18:03:32.041662	\N	user@example.com	user	2025-09-24 18:33:23.263379
8	READ	Consultation dans Apprenant via getAll	0	APPRENANT	\N	\N	\N	2025-09-24 18:03:34.272	\N	system@formation.com	system	2025-09-24 18:33:23.263379
9	READ	Consultation dans Apprenant via getAll	0	APPRENANT	\N	\N	\N	2025-09-24 18:04:11.263255	\N	system@formation.com	system	2025-09-24 18:33:23.263379
10	READ	Consultation dans Formation via getAll	0	FORMATION	\N	\N	\N	2025-09-24 18:04:19.712846	\N	user@example.com	user	2025-09-24 18:33:23.263379
11	READ	Consultation dans Apprenant via getAll	0	APPRENANT	\N	\N	\N	2025-09-24 18:04:38.535908	\N	system@formation.com	system	2025-09-24 18:33:23.263379
12	READ	Consultation dans Apprenant via getAll	0	APPRENANT	\N	\N	\N	2025-09-24 18:04:53.334845	\N	system@formation.com	system	2025-09-24 18:33:23.263379
13	READ	Consultation dans Formation via getAll	0	FORMATION	\N	\N	\N	2025-09-24 18:05:06.330914	\N	user@example.com	user	2025-09-24 18:33:23.263379
14	READ	Consultation dans Inscription via getAll	0	INSCRIPTION	\N	\N	\N	2025-09-24 18:05:07.624797	\N	user@example.com	user	2025-09-24 18:33:23.263379
15	READ	Consultation dans Apprenant via getAll	0	APPRENANT	\N	\N	\N	2025-09-24 18:05:07.692069	\N	system@formation.com	system	2025-09-24 18:33:23.263379
16	READ	Consultation dans Formation via getAll	0	FORMATION	\N	\N	\N	2025-09-24 18:05:07.838724	\N	system@formation.com	system	2025-09-24 18:33:23.263379
17	READ	Consultation dans Apprenant via getAll	0	APPRENANT	\N	\N	\N	2025-09-24 18:09:24.2179	\N	system@formation.com	system	2025-09-24 18:33:23.263379
18	CREATE	Création de Apprenant #15 via create	15	APPRENANT	\N	\N	\N	2025-09-24 18:10:01.395472	\N	user@example.com	user	2025-09-24 18:33:23.263379
19	READ	Consultation dans Apprenant via getAll	0	APPRENANT	\N	\N	\N	2025-09-24 18:10:01.468751	\N	system@formation.com	system	2025-09-24 18:33:23.263379
20	READ	Consultation dans Inscription via getAll	0	INSCRIPTION	\N	\N	\N	2025-09-24 18:11:06.908484	\N	user@example.com	user	2025-09-24 18:33:23.263379
21	READ	Consultation dans Paiement via getAll	0	PAIEMENT	\N	\N	\N	2025-09-24 18:11:06.930463	\N	user@example.com	user	2025-09-24 18:33:23.263379
22	READ	Consultation dans Inscription via getAll	0	INSCRIPTION	\N	\N	\N	2025-09-24 18:11:08.069773	\N	user@example.com	user	2025-09-24 18:33:23.263379
23	READ	Consultation dans Apprenant via getAll	0	APPRENANT	\N	\N	\N	2025-09-24 18:11:08.123159	\N	system@formation.com	system	2025-09-24 18:33:23.263379
24	READ	Consultation dans Formation via getAll	0	FORMATION	\N	\N	\N	2025-09-24 18:11:08.220134	\N	system@formation.com	system	2025-09-24 18:33:23.263379
25	READ	Consultation dans Formation via getAll	0	FORMATION	\N	\N	\N	2025-09-24 18:11:33.622528	\N	user@example.com	user	2025-09-24 18:33:23.263379
26	READ	Consultation dans Apprenant via getAll	0	APPRENANT	\N	\N	\N	2025-09-24 18:12:01.746421	\N	system@formation.com	system	2025-09-24 18:33:23.263379
27	READ	Consultation dans Formation via getAll	0	FORMATION	\N	\N	\N	2025-09-24 18:12:06.222488	\N	user@example.com	user	2025-09-24 18:33:23.263379
28	READ	Consultation dans Inscription via getAll	0	INSCRIPTION	\N	\N	\N	2025-09-24 18:12:07.168988	\N	user@example.com	user	2025-09-24 18:33:23.263379
29	READ	Consultation dans Apprenant via getAll	0	APPRENANT	\N	\N	\N	2025-09-24 18:12:07.208913	\N	system@formation.com	system	2025-09-24 18:33:23.263379
30	READ	Consultation dans Formation via getAll	0	FORMATION	\N	\N	\N	2025-09-24 18:12:07.280227	\N	system@formation.com	system	2025-09-24 18:33:23.263379
31	READ	Consultation dans Apprenant via getAll	0	APPRENANT	\N	\N	\N	2025-09-24 18:12:31.439849	\N	system@formation.com	system	2025-09-24 18:33:23.263379
32	READ	Consultation dans Apprenant via getAll	0	APPRENANT	\N	\N	\N	2025-09-24 18:39:15.623676	\N	system@formation.com	system	2025-09-24 18:39:15.740979
33	READ	Consultation dans Formation via getAll	0	FORMATION	\N	\N	\N	2025-09-24 18:39:36.926511	\N	user@example.com	user	2025-09-24 18:39:36.92999
34	READ	Consultation dans Inscription via getAll	0	INSCRIPTION	\N	\N	\N	2025-09-24 18:39:37.7475	\N	user@example.com	user	2025-09-24 18:39:37.7569
35	READ	Consultation dans Apprenant via getAll	0	APPRENANT	\N	\N	\N	2025-09-24 18:39:37.812428	\N	system@formation.com	system	2025-09-24 18:39:37.822461
36	READ	Consultation dans Formation via getAll	0	FORMATION	\N	\N	\N	2025-09-24 18:39:37.880692	\N	system@formation.com	system	2025-09-24 18:39:37.891846
37	READ	Consultation dans Paiement via getAll	0	PAIEMENT	\N	\N	\N	2025-09-24 18:39:38.658167	\N	user@example.com	user	2025-09-24 18:39:38.661278
38	READ	Consultation dans Inscription via getAll	0	INSCRIPTION	\N	\N	\N	2025-09-24 18:39:38.664298	\N	user@example.com	user	2025-09-24 18:39:38.672186
39	READ	Consultation dans Inscription via getAll	0	INSCRIPTION	\N	\N	\N	2025-09-24 18:39:39.478801	\N	user@example.com	user	2025-09-24 18:39:39.48027
40	READ	Consultation dans Apprenant via getAll	0	APPRENANT	\N	\N	\N	2025-09-24 18:39:39.524283	\N	system@formation.com	system	2025-09-24 18:39:39.526972
41	READ	Consultation dans Formation via getAll	0	FORMATION	\N	\N	\N	2025-09-24 18:39:39.621251	\N	system@formation.com	system	2025-09-24 18:39:39.62615
42	READ	Consultation dans Inscription via getAll	0	INSCRIPTION	\N	\N	\N	2025-09-24 18:39:56.497407	\N	user@example.com	user	2025-09-24 18:39:56.49905
43	READ	Consultation dans Paiement via getAll	0	PAIEMENT	\N	\N	\N	2025-09-24 18:39:56.498846	\N	user@example.com	user	2025-09-24 18:39:56.500393
44	READ	Consultation dans Apprenant via getAll	0	APPRENANT	\N	\N	\N	2025-09-24 18:46:08.480554	\N	system@formation.com	system	2025-09-24 18:46:08.540139
45	READ	Consultation dans Apprenant via getAll	0	APPRENANT	\N	\N	\N	2025-09-24 18:47:01.884753	\N	system@formation.com	system	2025-09-24 18:47:01.88703
46	READ	Consultation dans Apprenant via getAll	0	APPRENANT	\N	\N	\N	2025-09-24 18:47:12.831058	\N	system@formation.com	system	2025-09-24 18:47:12.835713
47	CREATE	Création de Apprenant #18 via create	18	APPRENANT	\N	\N	\N	2025-09-24 18:48:20.670606	\N	user@example.com	user	2025-09-24 18:48:20.672195
48	READ	Consultation dans Apprenant via getAll	0	APPRENANT	\N	\N	\N	2025-09-24 18:48:20.751567	\N	system@formation.com	system	2025-09-24 18:48:20.76072
49	READ	Consultation dans Formation via getAll	0	FORMATION	\N	\N	\N	2025-09-24 18:50:08.638538	\N	user@example.com	user	2025-09-24 18:50:08.650229
50	CREATE	Création de Formation #8 via create	8	FORMATION	\N	\N	\N	2025-09-24 18:50:30.673012	\N	user@example.com	user	2025-09-24 18:50:30.674838
51	READ	Consultation dans Formation via getAll	0	FORMATION	\N	\N	\N	2025-09-24 18:50:30.709342	\N	user@example.com	user	2025-09-24 18:50:30.711037
52	READ	Consultation dans Formation via getAll	0	FORMATION	\N	\N	\N	2025-09-24 18:51:14.269181	\N	system@formation.com	system	2025-09-24 18:51:14.270346
53	READ	Consultation dans Apprenant via getAll	0	APPRENANT	\N	\N	\N	2025-09-24 18:56:04.827169	\N	system@formation.com	system	2025-09-24 18:56:04.847417
54	READ	Consultation dans Formation via getAll	0	FORMATION	\N	\N	\N	2025-09-24 19:00:12.246097	\N	user@example.com	user	2025-09-24 19:00:12.252161
55	READ	Consultation dans Apprenant via getAll	0	APPRENANT	\N	\N	\N	2025-09-24 19:00:46.725231	\N	system@formation.com	system	2025-09-24 19:00:46.73274
56	READ	Consultation dans Formation via getAll	0	FORMATION	\N	\N	\N	2025-09-24 19:00:47.718799	\N	user@example.com	user	2025-09-24 19:00:47.721564
57	READ	Consultation dans Inscription via getAll	0	INSCRIPTION	\N	\N	\N	2025-09-24 19:01:39.339612	\N	user@example.com	user	2025-09-24 19:01:39.341164
58	READ	Consultation dans Apprenant via getAll	0	APPRENANT	\N	\N	\N	2025-09-24 19:01:39.423837	\N	system@formation.com	system	2025-09-24 19:01:39.425834
59	READ	Consultation dans Formation via getAll	0	FORMATION	\N	\N	\N	2025-09-24 19:01:39.489152	\N	system@formation.com	system	2025-09-24 19:01:39.491533
60	READ	Consultation dans Paiement via getAll	0	PAIEMENT	\N	\N	\N	2025-09-24 19:01:40.481342	\N	user@example.com	user	2025-09-24 19:01:40.482774
61	READ	Consultation dans Inscription via getAll	0	INSCRIPTION	\N	\N	\N	2025-09-24 19:01:40.49035	\N	user@example.com	user	2025-09-24 19:01:40.493117
62	READ	Consultation dans Inscription via getAll	0	INSCRIPTION	\N	\N	\N	2025-09-24 19:01:43.052249	\N	user@example.com	user	2025-09-24 19:01:43.055781
63	READ	Consultation dans Apprenant via getAll	0	APPRENANT	\N	\N	\N	2025-09-24 19:01:43.109927	\N	system@formation.com	system	2025-09-24 19:01:43.113414
64	READ	Consultation dans Formation via getAll	0	FORMATION	\N	\N	\N	2025-09-24 19:01:43.166038	\N	system@formation.com	system	2025-09-24 19:01:43.16795
65	READ	Consultation dans Paiement via getAll	0	PAIEMENT	\N	\N	\N	2025-09-24 19:05:41.615881	\N	user@example.com	user	2025-09-24 19:05:41.619399
66	READ	Consultation dans Inscription via getAll	0	INSCRIPTION	\N	\N	\N	2025-09-24 19:05:41.620114	\N	user@example.com	user	2025-09-24 19:05:41.624375
67	READ	Consultation dans Apprenant via getAll	0	APPRENANT	\N	\N	\N	2025-09-25 09:45:35.222619	\N	system@formation.com	system	2025-09-25 09:45:35.273972
68	READ	Consultation dans Formation via getAll	0	FORMATION	\N	\N	\N	2025-09-25 09:45:41.706428	\N	user@example.com	user	2025-09-25 09:45:41.709795
69	READ	Consultation dans Inscription via getAll	0	INSCRIPTION	\N	\N	\N	2025-09-25 09:45:43.567803	\N	user@example.com	user	2025-09-25 09:45:43.571641
70	READ	Consultation dans Apprenant via getAll	0	APPRENANT	\N	\N	\N	2025-09-25 09:45:43.659931	\N	system@formation.com	system	2025-09-25 09:45:43.66364
71	READ	Consultation dans Formation via getAll	0	FORMATION	\N	\N	\N	2025-09-25 09:45:43.799877	\N	system@formation.com	system	2025-09-25 09:45:43.806876
72	READ	Consultation dans Apprenant via getAll	0	APPRENANT	\N	\N	\N	2025-09-25 09:45:47.47065	\N	system@formation.com	system	2025-09-25 09:45:47.474001
73	READ	Consultation dans Formation via getAll	0	FORMATION	\N	\N	\N	2025-09-25 09:45:59.085835	\N	user@example.com	user	2025-09-25 09:45:59.087888
74	READ	Consultation dans Apprenant via getAll	0	APPRENANT	\N	\N	\N	2025-09-25 09:46:00.359608	\N	system@formation.com	system	2025-09-25 09:46:00.361995
75	READ	Consultation dans Inscription via getAll	0	INSCRIPTION	\N	\N	\N	2025-09-25 09:46:01.448309	\N	user@example.com	user	2025-09-25 09:46:01.449967
76	READ	Consultation dans Apprenant via getAll	0	APPRENANT	\N	\N	\N	2025-09-25 09:46:01.559449	\N	system@formation.com	system	2025-09-25 09:46:01.562126
77	READ	Consultation dans Formation via getAll	0	FORMATION	\N	\N	\N	2025-09-25 09:46:01.654753	\N	system@formation.com	system	2025-09-25 09:46:01.658529
78	READ	Consultation dans Inscription via getAll	0	INSCRIPTION	\N	\N	\N	2025-09-25 09:46:44.902134	\N	user@example.com	user	2025-09-25 09:46:44.909647
79	READ	Consultation dans Paiement via getAll	0	PAIEMENT	\N	\N	\N	2025-09-25 09:46:44.928916	\N	user@example.com	user	2025-09-25 09:46:44.93161
80	READ	Consultation dans Inscription via getAll	0	INSCRIPTION	\N	\N	\N	2025-09-25 09:46:51.729493	\N	user@example.com	user	2025-09-25 09:46:51.731335
81	READ	Consultation dans Apprenant via getAll	0	APPRENANT	\N	\N	\N	2025-09-25 09:46:53.078924	\N	system@formation.com	system	2025-09-25 09:46:53.081248
82	READ	Consultation dans Formation via getAll	0	FORMATION	\N	\N	\N	2025-09-25 09:46:53.223203	\N	system@formation.com	system	2025-09-25 09:46:53.227606
83	READ	Consultation dans Apprenant via getAll	0	APPRENANT	\N	\N	\N	2025-09-25 09:47:05.342776	\N	system@formation.com	system	2025-09-25 09:47:05.344092
84	READ	Consultation dans Formation via getAll	0	FORMATION	\N	\N	\N	2025-09-25 09:47:09.11309	\N	user@example.com	user	2025-09-25 09:47:09.114951
85	READ	Consultation dans Apprenant via getAll	0	APPRENANT	\N	\N	\N	2025-09-25 09:47:14.547187	\N	system@formation.com	system	2025-09-25 09:47:14.550149
86	READ	Consultation dans Apprenant via getAll	0	APPRENANT	\N	\N	\N	2025-09-25 09:48:08.738666	\N	user@example.com	user	2025-09-25 09:48:08.74015
87	READ	Consultation dans Apprenant via getAll	0	APPRENANT	\N	\N	\N	2025-09-25 09:55:17.755501	\N	system@formation.com	system	2025-09-25 09:55:17.759413
88	READ	Consultation dans Apprenant via getAll	0	APPRENANT	\N	\N	\N	2025-09-25 09:55:22.911612	\N	system@formation.com	system	2025-09-25 09:55:22.913716
89	READ	Consultation dans Apprenant via getAll	0	APPRENANT	\N	\N	\N	2025-09-25 09:55:30.737988	\N	system@formation.com	system	2025-09-25 09:55:30.742043
90	READ	Consultation dans Apprenant via getAll	0	APPRENANT	\N	\N	\N	2025-09-25 09:55:51.141274	\N	system@formation.com	system	2025-09-25 09:55:51.143049
91	READ	Consultation dans Apprenant via getAll	0	APPRENANT	\N	\N	\N	2025-09-25 09:55:52.838317	\N	system@formation.com	system	2025-09-25 09:55:52.839904
92	READ	Consultation dans Apprenant via getAll	0	APPRENANT	\N	\N	\N	2025-09-25 09:56:39.549207	\N	system@formation.com	system	2025-09-25 09:56:39.555264
93	READ	Consultation dans Apprenant via getAll	0	APPRENANT	\N	\N	\N	2025-09-25 09:57:32.95786	\N	system@formation.com	system	2025-09-25 09:57:32.96065
94	READ	Consultation dans Apprenant via getAll	0	APPRENANT	\N	\N	\N	2025-09-25 09:58:33.107202	\N	system@formation.com	system	2025-09-25 09:58:33.108521
95	READ	Consultation dans Apprenant via getAll	0	APPRENANT	\N	\N	\N	2025-09-25 10:02:13.729953	\N	system@formation.com	system	2025-09-25 10:02:13.732612
96	READ	Consultation dans Apprenant via getAll	0	APPRENANT	\N	\N	\N	2025-09-25 10:02:15.668329	\N	system@formation.com	system	2025-09-25 10:02:15.672399
97	READ	Consultation dans Apprenant via getAll	0	APPRENANT	\N	\N	\N	2025-09-25 10:03:18.154862	\N	system@formation.com	system	2025-09-25 10:03:18.163275
98	READ	Consultation dans Formation via getAll	0	FORMATION	\N	\N	\N	2025-09-25 10:05:51.47667	\N	user@example.com	user	2025-09-25 10:05:51.478915
99	READ	Consultation dans Apprenant via getAll	0	APPRENANT	\N	\N	\N	2025-09-25 10:05:52.422902	\N	system@formation.com	system	2025-09-25 10:05:52.42416
100	READ	Consultation dans Inscription via getAll	0	INSCRIPTION	\N	\N	\N	2025-09-25 10:08:34.714419	\N	user@example.com	user	2025-09-25 10:08:34.715412
101	READ	Consultation dans Apprenant via getAll	0	APPRENANT	\N	\N	\N	2025-09-25 10:08:34.754311	\N	system@formation.com	system	2025-09-25 10:08:34.757082
102	READ	Consultation dans Formation via getAll	0	FORMATION	\N	\N	\N	2025-09-25 10:08:34.848746	\N	system@formation.com	system	2025-09-25 10:08:34.856011
103	CREATE	Création de Inscription #9 via create	9	INSCRIPTION	\N	\N	\N	2025-09-25 10:09:00.248544	\N	user@example.com	user	2025-09-25 10:09:00.250003
104	READ	Consultation dans Inscription via getAll	0	INSCRIPTION	\N	\N	\N	2025-09-25 10:09:00.296785	\N	user@example.com	user	2025-09-25 10:09:00.298774
106	READ	Consultation dans Formation via getAll	0	FORMATION	\N	\N	\N	2025-09-25 10:09:00.425482	\N	system@formation.com	system	2025-09-25 10:09:00.428577
107	READ	Consultation dans Paiement via getAll	0	PAIEMENT	\N	\N	\N	2025-09-25 10:09:02.132677	\N	user@example.com	user	2025-09-25 10:09:02.135744
105	READ	Consultation dans Apprenant via getAll	0	APPRENANT	\N	\N	\N	2025-09-25 10:09:00.348315	\N	system@formation.com	system	2025-09-25 10:09:00.352661
108	READ	Consultation dans Inscription via getAll	0	INSCRIPTION	\N	\N	\N	2025-09-25 10:09:02.145806	\N	user@example.com	user	2025-09-25 10:09:02.148815
109	CREATE	Création de Paiement #14 via create	14	PAIEMENT	\N	\N	\N	2025-09-25 10:09:57.100984	\N	user@example.com	user	2025-09-25 10:09:57.10198
110	READ	Consultation dans Inscription via getAll	0	INSCRIPTION	\N	\N	\N	2025-09-25 10:09:57.140539	\N	user@example.com	user	2025-09-25 10:09:57.142015
111	READ	Consultation dans Paiement via getAll	0	PAIEMENT	\N	\N	\N	2025-09-25 10:09:57.142085	\N	user@example.com	user	2025-09-25 10:09:57.144498
112	READ	Consultation dans Inscription via getAll	0	INSCRIPTION	\N	\N	\N	2025-09-25 10:09:59.745908	\N	user@example.com	user	2025-09-25 10:09:59.747096
113	READ	Consultation dans Apprenant via getAll	0	APPRENANT	\N	\N	\N	2025-09-25 10:09:59.782793	\N	system@formation.com	system	2025-09-25 10:09:59.785061
114	READ	Consultation dans Formation via getAll	0	FORMATION	\N	\N	\N	2025-09-25 10:09:59.844999	\N	system@formation.com	system	2025-09-25 10:09:59.847854
115	READ	Consultation dans Formation via getAll	0	FORMATION	\N	\N	\N	2025-09-25 10:10:00.278392	\N	user@example.com	user	2025-09-25 10:10:00.279742
116	READ	Consultation dans Apprenant via getAll	0	APPRENANT	\N	\N	\N	2025-09-25 10:10:02.763909	\N	system@formation.com	system	2025-09-25 10:10:02.765072
117	READ	Consultation dans Inscription via getAll	0	INSCRIPTION	\N	\N	\N	2025-09-25 10:10:18.031824	\N	user@example.com	user	2025-09-25 10:10:18.033014
118	READ	Consultation dans Apprenant via getAll	0	APPRENANT	\N	\N	\N	2025-09-25 10:10:18.069594	\N	system@formation.com	system	2025-09-25 10:10:18.074461
119	READ	Consultation dans Formation via getAll	0	FORMATION	\N	\N	\N	2025-09-25 10:10:18.128456	\N	system@formation.com	system	2025-09-25 10:10:18.13089
120	READ	Consultation dans Formation via getAll	0	FORMATION	\N	\N	\N	2025-09-25 10:10:46.073611	\N	user@example.com	user	2025-09-25 10:10:46.077631
121	READ	Consultation dans Apprenant via getAll	0	APPRENANT	\N	\N	\N	2025-09-25 10:10:47.94665	\N	system@formation.com	system	2025-09-25 10:10:47.94892
122	READ	Consultation dans Formation via getAll	0	FORMATION	\N	\N	\N	2025-09-25 10:11:32.956379	\N	user@example.com	user	2025-09-25 10:11:32.958062
123	READ	Consultation dans Apprenant via getAll	0	APPRENANT	\N	\N	\N	2025-09-25 10:11:35.496978	\N	system@formation.com	system	2025-09-25 10:11:35.498563
124	READ	Consultation dans Apprenant via getAll	0	APPRENANT	\N	\N	\N	2025-09-25 10:16:11.569312	\N	system@formation.com	system	2025-09-25 10:16:11.572003
125	READ	Consultation dans Apprenant via getAll	0	APPRENANT	\N	\N	\N	2025-09-25 10:18:13.058758	\N	system@formation.com	system	2025-09-25 10:18:13.066112
126	READ	Consultation dans Apprenant via getAll	0	APPRENANT	\N	\N	\N	2025-09-25 10:18:18.390177	\N	system@formation.com	system	2025-09-25 10:18:18.39192
127	READ	Consultation dans Formation via getAll	0	FORMATION	\N	\N	\N	2025-09-25 10:18:22.069871	\N	user@example.com	user	2025-09-25 10:18:22.070774
128	READ	Consultation dans Apprenant via getAll	0	APPRENANT	\N	\N	\N	2025-09-25 10:18:23.564703	\N	system@formation.com	system	2025-09-25 10:18:23.566251
129	READ	Consultation dans Apprenant via getAll	0	APPRENANT	\N	\N	\N	2025-09-25 10:18:25.271641	\N	system@formation.com	system	2025-09-25 10:18:25.275047
130	READ	Consultation dans Apprenant via getAll	0	APPRENANT	\N	\N	\N	2025-09-25 10:20:55.075279	\N	system@formation.com	system	2025-09-25 10:20:55.076628
131	READ	Consultation dans Apprenant via getAll	0	APPRENANT	\N	\N	\N	2025-09-25 10:20:57.902109	\N	system@formation.com	system	2025-09-25 10:20:57.903624
132	READ	Consultation dans Apprenant via getAll	0	APPRENANT	\N	\N	\N	2025-09-25 10:21:33.618815	\N	system@formation.com	system	2025-09-25 10:21:33.620858
133	READ	Consultation dans Apprenant via getAll	0	APPRENANT	\N	\N	\N	2025-09-25 10:23:36.752465	\N	system@formation.com	system	2025-09-25 10:23:36.774194
134	READ	Consultation dans Apprenant via getAll	0	APPRENANT	\N	\N	\N	2025-09-25 10:24:10.356369	\N	system@formation.com	system	2025-09-25 10:24:10.360183
135	SEARCH	Recherche dans Apprenant via searchApprenants	0	APPRENANT	\N	\N	\N	2025-09-25 10:33:44.086567	\N	user@example.com	user	2025-09-25 10:33:44.144364
136	READ	Consultation dans Apprenant via countApprenants	0	APPRENANT	\N	\N	\N	2025-09-25 10:33:52.48414	\N	user@example.com	user	2025-09-25 10:33:52.485493
137	READ	Consultation dans Apprenant via countApprenants	0	APPRENANT	\N	\N	\N	2025-09-25 10:36:18.094526	\N	system@formation.com	system	2025-09-25 10:36:18.098404
138	READ	Consultation dans Apprenant via countApprenants	0	APPRENANT	\N	\N	\N	2025-09-25 10:41:47.201352	\N	user@example.com	user	2025-09-25 10:41:47.20781
139	READ	Consultation dans Apprenant via countApprenants	0	APPRENANT	\N	\N	\N	2025-09-25 10:42:44.979433	\N	user@example.com	user	2025-09-25 10:42:44.9825
140	READ	Consultation dans Formation via getAll	0	FORMATION	\N	\N	\N	2025-09-25 10:42:57.344382	\N	user@example.com	user	2025-09-25 10:42:57.346088
141	READ	Consultation dans Inscription via getAll	0	INSCRIPTION	\N	\N	\N	2025-09-25 10:43:06.062929	\N	user@example.com	user	2025-09-25 10:43:06.069377
142	READ	Consultation dans Paiement via getAll	0	PAIEMENT	\N	\N	\N	2025-09-25 10:43:06.071858	\N	user@example.com	user	2025-09-25 10:43:06.084411
143	READ	Consultation dans Apprenant via countApprenants	0	APPRENANT	\N	\N	\N	2025-09-25 10:43:06.624303	\N	user@example.com	user	2025-09-25 10:43:06.627483
144	SEARCH	Recherche dans Apprenant via searchApprenants	0	APPRENANT	\N	\N	\N	2025-09-25 10:43:09.770001	\N	system@formation.com	system	2025-09-25 10:43:09.772475
145	READ	Consultation dans Apprenant via countApprenants	0	APPRENANT	\N	\N	\N	2025-09-25 10:43:15.056487	\N	user@example.com	user	2025-09-25 10:43:15.058776
146	SEARCH	Recherche dans Apprenant via searchApprenants	0	APPRENANT	\N	\N	\N	2025-09-25 10:43:16.812491	\N	system@formation.com	system	2025-09-25 10:43:16.814507
147	READ	Consultation dans Apprenant via countApprenants	0	APPRENANT	\N	\N	\N	2025-09-25 10:43:22.43665	\N	user@example.com	user	2025-09-25 10:43:22.437934
148	READ	Consultation dans Apprenant via countApprenants	0	APPRENANT	\N	\N	\N	2025-09-25 10:43:22.881999	\N	user@example.com	user	2025-09-25 10:43:22.884964
149	READ	Consultation dans Inscription via getAll	0	INSCRIPTION	\N	\N	\N	2025-09-25 10:43:24.188918	\N	user@example.com	user	2025-09-25 10:43:24.190851
150	SEARCH	Recherche dans Apprenant via searchApprenants	0	APPRENANT	\N	\N	\N	2025-09-25 10:43:24.287882	\N	system@formation.com	system	2025-09-25 10:43:24.290844
151	READ	Consultation dans Formation via getAll	0	FORMATION	\N	\N	\N	2025-09-25 10:43:24.363426	\N	system@formation.com	system	2025-09-25 10:43:24.368287
152	READ	Consultation dans Apprenant via countApprenants	0	APPRENANT	\N	\N	\N	2025-09-25 10:43:28.772859	\N	user@example.com	user	2025-09-25 10:43:28.775188
153	SEARCH	Recherche dans Apprenant via searchApprenants	0	APPRENANT	\N	\N	\N	2025-09-25 10:43:32.082097	\N	system@formation.com	system	2025-09-25 10:43:32.083574
154	READ	Consultation dans Apprenant via countApprenants	0	APPRENANT	\N	\N	\N	2025-09-25 10:44:21.972263	\N	user@example.com	user	2025-09-25 10:44:21.973632
155	READ	Consultation dans Inscription via getAll	0	INSCRIPTION	\N	\N	\N	2025-09-25 10:44:24.116953	\N	user@example.com	user	2025-09-25 10:44:24.11914
156	READ	Consultation dans Paiement via getAll	0	PAIEMENT	\N	\N	\N	2025-09-25 10:44:24.117704	\N	user@example.com	user	2025-09-25 10:44:24.121539
157	READ	Consultation dans Apprenant via countApprenants	0	APPRENANT	\N	\N	\N	2025-09-25 10:44:26.227961	\N	user@example.com	user	2025-09-25 10:44:26.230262
158	READ	Consultation dans Inscription via getAll	0	INSCRIPTION	\N	\N	\N	2025-09-25 10:44:27.506626	\N	user@example.com	user	2025-09-25 10:44:27.508162
161	SEARCH	Recherche dans Apprenant via searchApprenants	0	APPRENANT	\N	\N	\N	2025-09-25 10:44:28.862362	\N	system@formation.com	system	2025-09-25 10:44:28.864297
162	READ	Consultation dans Formation via getAll	0	FORMATION	\N	\N	\N	2025-09-25 10:44:28.927915	\N	system@formation.com	system	2025-09-25 10:44:28.929724
164	SEARCH	Recherche dans Apprenant via searchApprenants	0	APPRENANT	\N	\N	\N	2025-09-25 10:45:44.286058	\N	system@formation.com	system	2025-09-25 10:45:44.311037
165	READ	Consultation dans Formation via getAll	0	FORMATION	\N	\N	\N	2025-09-25 10:45:44.493285	\N	system@formation.com	system	2025-09-25 10:45:44.495412
168	READ	Consultation dans Formation via getAll	0	FORMATION	\N	\N	\N	2025-09-25 10:45:56.278077	\N	system@formation.com	system	2025-09-25 10:45:56.280167
170	READ	Consultation dans Paiement via getAll	0	PAIEMENT	\N	\N	\N	2025-09-25 10:45:58.707495	\N	user@example.com	user	2025-09-25 10:45:58.708793
171	READ	Consultation dans Apprenant via countApprenants	0	APPRENANT	\N	\N	\N	2025-09-25 10:45:59.638488	\N	user@example.com	user	2025-09-25 10:45:59.640259
172	READ	Consultation dans Inscription via getAll	0	INSCRIPTION	\N	\N	\N	2025-09-25 10:46:01.66411	\N	user@example.com	user	2025-09-25 10:46:01.666594
174	READ	Consultation dans Formation via getAll	0	FORMATION	\N	\N	\N	2025-09-25 10:46:01.78457	\N	system@formation.com	system	2025-09-25 10:46:01.794109
177	SEARCH	Recherche dans Apprenant via searchApprenants	0	APPRENANT	\N	\N	\N	2025-09-25 10:46:31.71688	\N	system@formation.com	system	2025-09-25 10:46:31.723459
159	READ	Consultation dans Paiement via getAll	0	PAIEMENT	\N	\N	\N	2025-09-25 10:44:27.51561	\N	user@example.com	user	2025-09-25 10:44:27.517069
160	READ	Consultation dans Inscription via getAll	0	INSCRIPTION	\N	\N	\N	2025-09-25 10:44:28.805293	\N	user@example.com	user	2025-09-25 10:44:28.807444
163	READ	Consultation dans Inscription via getAll	0	INSCRIPTION	\N	\N	\N	2025-09-25 10:45:44.040146	\N	user@example.com	user	2025-09-25 10:45:44.044715
166	READ	Consultation dans Inscription via getAll	0	INSCRIPTION	\N	\N	\N	2025-09-25 10:45:56.108436	\N	user@example.com	user	2025-09-25 10:45:56.110533
167	SEARCH	Recherche dans Apprenant via searchApprenants	0	APPRENANT	\N	\N	\N	2025-09-25 10:45:56.189883	\N	system@formation.com	system	2025-09-25 10:45:56.194336
169	READ	Consultation dans Inscription via getAll	0	INSCRIPTION	\N	\N	\N	2025-09-25 10:45:58.707358	\N	user@example.com	user	2025-09-25 10:45:58.708951
173	SEARCH	Recherche dans Apprenant via searchApprenants	0	APPRENANT	\N	\N	\N	2025-09-25 10:46:01.706233	\N	system@formation.com	system	2025-09-25 10:46:01.707412
175	READ	Consultation dans Formation via getAll	0	FORMATION	\N	\N	\N	2025-09-25 10:46:03.713413	\N	user@example.com	user	2025-09-25 10:46:03.717186
176	SEARCH	Recherche dans Apprenant via searchApprenants	0	APPRENANT	\N	\N	\N	2025-09-25 10:46:05.59173	\N	system@formation.com	system	2025-09-25 10:46:05.593663
178	SEARCH	Recherche dans Apprenant via searchApprenants	0	APPRENANT	\N	\N	\N	2025-09-25 10:46:45.826035	\N	system@formation.com	system	2025-09-25 10:46:45.829249
179	SEARCH	Recherche dans Apprenant via searchApprenants	0	APPRENANT	\N	\N	\N	2025-09-25 10:47:41.750104	\N	system@formation.com	system	2025-09-25 10:47:41.754009
180	READ	Consultation dans Formation via getAll	0	FORMATION	\N	\N	\N	2025-09-25 10:47:58.145653	\N	user@example.com	user	2025-09-25 10:47:58.146951
181	SEARCH	Recherche dans Apprenant via searchApprenants	0	APPRENANT	\N	\N	\N	2025-09-25 10:47:59.653167	\N	system@formation.com	system	2025-09-25 10:47:59.654927
182	READ	Consultation dans Inscription via getAll	0	INSCRIPTION	\N	\N	\N	2025-09-25 10:48:01.715704	\N	user@example.com	user	2025-09-25 10:48:01.716862
183	SEARCH	Recherche dans Apprenant via searchApprenants	0	APPRENANT	\N	\N	\N	2025-09-25 10:48:01.749748	\N	system@formation.com	system	2025-09-25 10:48:01.752088
184	READ	Consultation dans Formation via getAll	0	FORMATION	\N	\N	\N	2025-09-25 10:48:01.889913	\N	system@formation.com	system	2025-09-25 10:48:01.891194
185	READ	Consultation dans Formation via getAll	0	FORMATION	\N	\N	\N	2025-09-25 10:48:03.424583	\N	user@example.com	user	2025-09-25 10:48:03.425589
186	SEARCH	Recherche dans Apprenant via searchApprenants	0	APPRENANT	\N	\N	\N	2025-09-25 10:48:05.238729	\N	system@formation.com	system	2025-09-25 10:48:05.240095
187	SEARCH	Recherche dans Apprenant via searchApprenants	0	APPRENANT	\N	\N	\N	2025-09-25 10:48:07.782582	\N	system@formation.com	system	2025-09-25 10:48:07.783655
188	SEARCH	Recherche dans Apprenant via searchApprenants	0	APPRENANT	\N	\N	\N	2025-09-25 10:48:10.880589	\N	system@formation.com	system	2025-09-25 10:48:10.881891
189	SEARCH	Recherche dans Apprenant via searchApprenants	0	APPRENANT	\N	\N	\N	2025-09-25 10:48:21.531901	\N	user@example.com	user	2025-09-25 10:48:21.533237
190	SEARCH	Recherche dans Apprenant via searchApprenants	0	APPRENANT	\N	\N	\N	2025-09-25 10:48:28.775435	\N	system@formation.com	system	2025-09-25 10:48:28.777969
191	READ	Consultation dans Formation via getAll	0	FORMATION	\N	\N	\N	2025-09-25 10:48:39.194761	\N	user@example.com	user	2025-09-25 10:48:39.195781
192	READ	Consultation dans Inscription via getAll	0	INSCRIPTION	\N	\N	\N	2025-09-25 10:48:39.808853	\N	user@example.com	user	2025-09-25 10:48:39.810075
193	SEARCH	Recherche dans Apprenant via searchApprenants	0	APPRENANT	\N	\N	\N	2025-09-25 10:48:39.841918	\N	system@formation.com	system	2025-09-25 10:48:39.84304
194	READ	Consultation dans Formation via getAll	0	FORMATION	\N	\N	\N	2025-09-25 10:48:39.885123	\N	system@formation.com	system	2025-09-25 10:48:39.887355
195	READ	Consultation dans Apprenant via countApprenants	0	APPRENANT	\N	\N	\N	2025-09-25 10:48:40.508759	\N	user@example.com	user	2025-09-25 10:48:40.510432
196	DELETE	Suppression de Apprenant #12 via delete	12	APPRENANT	\N	\N	\N	2025-09-25 10:49:02.669644	\N	user@example.com	user	2025-09-25 10:49:02.673373
197	READ	Consultation dans Paiement via getAll	0	PAIEMENT	\N	\N	\N	2025-09-25 10:49:08.595798	\N	user@example.com	user	2025-09-25 10:49:08.596841
198	READ	Consultation dans Inscription via getAll	0	INSCRIPTION	\N	\N	\N	2025-09-25 10:49:08.589955	\N	user@example.com	user	2025-09-25 10:49:08.597427
199	READ	Consultation dans Apprenant via countApprenants	0	APPRENANT	\N	\N	\N	2025-09-25 10:49:09.3942	\N	user@example.com	user	2025-09-25 10:49:09.395226
200	SEARCH	Recherche dans Apprenant via searchApprenants	0	APPRENANT	\N	\N	\N	2025-09-25 10:49:31.033829	\N	system@formation.com	system	2025-09-25 10:49:31.034941
201	READ	Consultation dans Formation via getAll	0	FORMATION	\N	\N	\N	2025-09-25 10:49:32.150118	\N	user@example.com	user	2025-09-25 10:49:32.152102
202	SEARCH	Recherche dans Apprenant via searchApprenants	0	APPRENANT	\N	\N	\N	2025-09-25 10:49:36.383234	\N	system@formation.com	system	2025-09-25 10:49:36.38419
203	SEARCH	Recherche dans Apprenant via searchApprenants	0	APPRENANT	\N	\N	\N	2025-09-25 10:49:38.138593	\N	system@formation.com	system	2025-09-25 10:49:38.139706
204	READ	Consultation dans Paiement via getAll	0	PAIEMENT	\N	\N	\N	2025-09-25 10:49:39.971203	\N	user@example.com	user	2025-09-25 10:49:39.973494
205	READ	Consultation dans Inscription via getAll	0	INSCRIPTION	\N	\N	\N	2025-09-25 10:49:39.983526	\N	user@example.com	user	2025-09-25 10:49:39.985059
206	READ	Consultation dans Apprenant via countApprenants	0	APPRENANT	\N	\N	\N	2025-09-25 10:49:43.625597	\N	user@example.com	user	2025-09-25 10:49:43.62728
207	READ	Consultation dans Formation via getAll	0	FORMATION	\N	\N	\N	2025-09-25 10:53:03.057167	\N	user@example.com	user	2025-09-25 10:53:03.058114
208	READ	Consultation dans Inscription via getAll	0	INSCRIPTION	\N	\N	\N	2025-09-25 10:53:04.395133	\N	user@example.com	user	2025-09-25 10:53:04.397961
209	READ	Consultation dans Paiement via getAll	0	PAIEMENT	\N	\N	\N	2025-09-25 10:53:04.399481	\N	user@example.com	user	2025-09-25 10:53:04.400662
210	SEARCH	Recherche dans Apprenant via searchApprenants	0	APPRENANT	\N	\N	\N	2025-09-25 10:53:11.551261	\N	system@formation.com	system	2025-09-25 10:53:11.552829
211	READ	Consultation dans Formation via getAll	0	FORMATION	\N	\N	\N	2025-09-25 10:53:13.323595	\N	user@example.com	user	2025-09-25 10:53:13.324327
212	SEARCH	Recherche dans Apprenant via searchApprenants	0	APPRENANT	\N	\N	\N	2025-09-25 10:53:13.934767	\N	system@formation.com	system	2025-09-25 10:53:13.935863
213	SEARCH	Recherche dans Apprenant via searchApprenants	0	APPRENANT	\N	\N	\N	2025-09-25 11:09:18.601945	\N	user@example.com	user	2025-09-25 11:09:18.662478
214	SEARCH	Recherche dans Apprenant via searchApprenants	0	APPRENANT	\N	\N	\N	2025-09-25 11:09:23.985239	\N	system@formation.com	system	2025-09-25 11:09:23.987859
215	READ	Consultation dans Formation via getAll	0	FORMATION	\N	\N	\N	2025-09-25 11:09:25.879193	\N	user@example.com	user	2025-09-25 11:09:25.880648
216	SEARCH	Recherche dans Apprenant via searchApprenants	0	APPRENANT	\N	\N	\N	2025-09-25 11:09:31.955259	\N	system@formation.com	system	2025-09-25 11:09:31.960071
217	SEARCH	Recherche dans Apprenant via searchApprenants	0	APPRENANT	\N	\N	\N	2025-09-25 11:09:36.326949	\N	system@formation.com	system	2025-09-25 11:09:36.331421
218	SEARCH	Recherche dans Apprenant via searchApprenants	0	APPRENANT	\N	\N	\N	2025-09-25 11:09:39.568194	\N	system@formation.com	system	2025-09-25 11:09:39.573103
219	SEARCH	Recherche dans Apprenant via searchApprenants	0	APPRENANT	\N	\N	\N	2025-09-25 11:10:29.365435	\N	system@formation.com	system	2025-09-25 11:10:29.368709
220	READ	Consultation dans Formation via getAll	0	FORMATION	\N	\N	\N	2025-09-25 11:10:31.834331	\N	user@example.com	user	2025-09-25 11:10:31.838803
221	SEARCH	Recherche dans Apprenant via searchApprenants	0	APPRENANT	\N	\N	\N	2025-09-25 11:10:33.238639	\N	system@formation.com	system	2025-09-25 11:10:33.240753
222	READ	Consultation dans Inscription via getAll	0	INSCRIPTION	\N	\N	\N	2025-09-25 11:10:52.137873	\N	user@example.com	user	2025-09-25 11:10:52.140131
223	SEARCH	Recherche dans Apprenant via searchApprenants	0	APPRENANT	\N	\N	\N	2025-09-25 11:10:52.200871	\N	system@formation.com	system	2025-09-25 11:10:52.20334
224	READ	Consultation dans Formation via getAll	0	FORMATION	\N	\N	\N	2025-09-25 11:10:52.267745	\N	system@formation.com	system	2025-09-25 11:10:52.269835
225	SEARCH	Recherche dans Apprenant via searchApprenants	0	APPRENANT	\N	\N	\N	2025-09-25 11:11:09.232913	\N	system@formation.com	system	2025-09-25 11:11:09.236827
226	SEARCH	Recherche dans Apprenant via searchApprenants	0	APPRENANT	\N	\N	\N	2025-09-25 11:11:20.448849	\N	system@formation.com	system	2025-09-25 11:11:20.451595
227	SEARCH	Recherche dans Apprenant via searchApprenants	0	APPRENANT	\N	\N	\N	2025-09-25 11:13:13.222807	\N	system@formation.com	system	2025-09-25 11:13:13.226083
228	SEARCH	Recherche dans Apprenant via searchApprenants	0	APPRENANT	\N	\N	\N	2025-09-25 11:13:15.607803	\N	system@formation.com	system	2025-09-25 11:13:15.610913
229	SEARCH	Recherche dans Apprenant via searchApprenants	0	APPRENANT	\N	\N	\N	2025-09-25 11:14:15.835719	\N	system@formation.com	system	2025-09-25 11:14:15.843647
230	SEARCH	Recherche dans Apprenant via searchApprenants	0	APPRENANT	\N	\N	\N	2025-09-25 11:14:16.08563	\N	system@formation.com	system	2025-09-25 11:14:16.08837
231	SEARCH	Recherche dans Apprenant via searchApprenants	0	APPRENANT	\N	\N	\N	2025-09-25 11:14:26.997201	\N	system@formation.com	system	2025-09-25 11:14:26.998876
232	SEARCH	Recherche dans Apprenant via searchApprenants	0	APPRENANT	\N	\N	\N	2025-09-25 11:14:27.329438	\N	system@formation.com	system	2025-09-25 11:14:27.332612
233	SEARCH	Recherche dans Apprenant via searchApprenants	0	APPRENANT	\N	\N	\N	2025-09-25 11:14:31.919399	\N	system@formation.com	system	2025-09-25 11:14:31.921048
234	SEARCH	Recherche dans Apprenant via searchApprenants	0	APPRENANT	\N	\N	\N	2025-09-25 11:14:32.208357	\N	system@formation.com	system	2025-09-25 11:14:32.211088
235	SEARCH	Recherche dans Apprenant via searchApprenants	0	APPRENANT	\N	\N	\N	2025-09-25 11:18:06.377777	\N	system@formation.com	system	2025-09-25 11:18:06.382091
236	SEARCH	Recherche dans Apprenant via searchApprenants	0	APPRENANT	\N	\N	\N	2025-09-25 11:18:07.267128	\N	system@formation.com	system	2025-09-25 11:18:07.268725
237	SEARCH	Recherche dans Apprenant via searchApprenants	0	APPRENANT	\N	\N	\N	2025-09-25 11:18:22.656182	\N	system@formation.com	system	2025-09-25 11:18:22.657654
238	SEARCH	Recherche dans Apprenant via searchApprenants	0	APPRENANT	\N	\N	\N	2025-09-25 11:18:24.723223	\N	system@formation.com	system	2025-09-25 11:18:24.724711
239	SEARCH	Recherche dans Apprenant via searchApprenants	0	APPRENANT	\N	\N	\N	2025-09-25 11:18:31.522852	\N	system@formation.com	system	2025-09-25 11:18:31.526968
240	SEARCH	Recherche dans Apprenant via searchApprenants	0	APPRENANT	\N	\N	\N	2025-09-25 11:18:36.834865	\N	system@formation.com	system	2025-09-25 11:18:36.835885
241	SEARCH	Recherche dans Apprenant via searchApprenants	0	APPRENANT	\N	\N	\N	2025-09-25 11:21:59.938113	\N	system@formation.com	system	2025-09-25 11:21:59.940824
242	READ	Consultation dans Apprenant via countApprenants	0	APPRENANT	\N	\N	\N	2025-09-25 11:22:51.185803	\N	user@example.com	user	2025-09-25 11:22:51.189093
243	SEARCH	Recherche dans Apprenant via searchApprenants	0	APPRENANT	\N	\N	\N	2025-09-25 11:25:48.854745	\N	system@formation.com	system	2025-09-25 11:25:48.857843
244	READ	Consultation dans Apprenant via countApprenants	0	APPRENANT	\N	\N	\N	2025-09-25 11:31:14.906775	\N	user@example.com	user	2025-09-25 11:31:14.908513
245	SEARCH	Recherche dans Apprenant via searchApprenants	0	APPRENANT	\N	\N	\N	2025-09-25 11:31:21.596377	\N	system@formation.com	system	2025-09-25 11:31:21.599565
246	SEARCH	Recherche dans Apprenant via searchApprenants	0	APPRENANT	\N	\N	\N	2025-09-25 11:31:34.119494	\N	system@formation.com	system	2025-09-25 11:31:34.121708
247	SEARCH	Recherche dans Apprenant via searchApprenants	0	APPRENANT	\N	\N	\N	2025-09-25 11:31:42.965871	\N	system@formation.com	system	2025-09-25 11:31:42.967553
248	SEARCH	Recherche dans Apprenant via searchApprenants	0	APPRENANT	\N	\N	\N	2025-09-25 11:31:49.174672	\N	system@formation.com	system	2025-09-25 11:31:49.176128
249	SEARCH	Recherche dans Apprenant via searchApprenants	0	APPRENANT	\N	\N	\N	2025-09-25 11:33:49.11777	\N	system@formation.com	system	2025-09-25 11:33:49.119495
250	SEARCH	Recherche dans Apprenant via searchApprenants	0	APPRENANT	\N	\N	\N	2025-09-25 11:34:01.559153	\N	system@formation.com	system	2025-09-25 11:34:01.560435
251	SEARCH	Recherche dans Apprenant via searchApprenants	0	APPRENANT	\N	\N	\N	2025-09-25 11:34:09.942384	\N	system@formation.com	system	2025-09-25 11:34:09.943732
252	SEARCH	Recherche dans Apprenant via searchApprenants	0	APPRENANT	\N	\N	\N	2025-09-25 11:34:17.048258	\N	system@formation.com	system	2025-09-25 11:34:17.050592
253	SEARCH	Recherche dans Apprenant via searchApprenants	0	APPRENANT	\N	\N	\N	2025-09-25 11:34:23.498715	\N	system@formation.com	system	2025-09-25 11:34:23.500497
254	SEARCH	Recherche dans Apprenant via searchApprenants	0	APPRENANT	\N	\N	\N	2025-09-25 11:34:27.016042	\N	system@formation.com	system	2025-09-25 11:34:27.017512
255	SEARCH	Recherche dans Apprenant via searchApprenants	0	APPRENANT	\N	\N	\N	2025-09-25 11:34:31.308005	\N	system@formation.com	system	2025-09-25 11:34:31.310248
256	SEARCH	Recherche dans Apprenant via searchApprenants	0	APPRENANT	\N	\N	\N	2025-09-25 11:34:38.856182	\N	system@formation.com	system	2025-09-25 11:34:38.860154
257	SEARCH	Recherche dans Apprenant via searchApprenants	0	APPRENANT	\N	\N	\N	2025-09-25 11:34:39.363212	\N	system@formation.com	system	2025-09-25 11:34:39.365232
258	SEARCH	Recherche dans Apprenant via searchApprenants	0	APPRENANT	\N	\N	\N	2025-09-25 11:34:39.775778	\N	system@formation.com	system	2025-09-25 11:34:39.782084
259	SEARCH	Recherche dans Apprenant via searchApprenants	0	APPRENANT	\N	\N	\N	2025-09-25 11:34:50.444638	\N	system@formation.com	system	2025-09-25 11:34:50.446365
260	SEARCH	Recherche dans Apprenant via searchApprenants	0	APPRENANT	\N	\N	\N	2025-09-25 11:34:50.939644	\N	system@formation.com	system	2025-09-25 11:34:50.941254
261	SEARCH	Recherche dans Apprenant via searchApprenants	0	APPRENANT	\N	\N	\N	2025-09-25 11:35:04.280433	\N	system@formation.com	system	2025-09-25 11:35:04.281873
262	SEARCH	Recherche dans Apprenant via searchApprenants	0	APPRENANT	\N	\N	\N	2025-09-25 11:35:04.788782	\N	system@formation.com	system	2025-09-25 11:35:04.790165
263	SEARCH	Recherche dans Apprenant via searchApprenants	0	APPRENANT	\N	\N	\N	2025-09-25 11:35:21.264975	\N	system@formation.com	system	2025-09-25 11:35:21.26628
264	READ	Consultation dans Apprenant via countApprenants	0	APPRENANT	\N	\N	\N	2025-09-25 11:56:32.090665	\N	user@example.com	user	2025-09-25 11:56:32.226154
265	SEARCH	Recherche dans Apprenant via searchApprenants	0	APPRENANT	\N	\N	\N	2025-09-25 11:56:44.364854	\N	system@formation.com	system	2025-09-25 11:56:44.368274
266	SEARCH	Recherche dans Apprenant via searchApprenants	0	APPRENANT	\N	\N	\N	2025-09-25 11:56:52.007676	\N	system@formation.com	system	2025-09-25 11:56:52.010863
267	SEARCH	Recherche dans Apprenant via searchApprenants	0	APPRENANT	\N	\N	\N	2025-09-25 11:56:57.404814	\N	system@formation.com	system	2025-09-25 11:56:57.411065
268	SEARCH	Recherche dans Apprenant via searchApprenants	0	APPRENANT	\N	\N	\N	2025-09-25 12:17:36.201149	\N	system@formation.com	system	2025-09-25 12:17:36.21538
269	SEARCH	Recherche dans Apprenant via searchApprenants	0	APPRENANT	\N	\N	\N	2025-09-25 12:17:51.916562	\N	system@formation.com	system	2025-09-25 12:17:51.91879
270	SEARCH	Recherche dans Apprenant via searchApprenants	0	APPRENANT	\N	\N	\N	2025-09-25 12:20:43.820163	\N	system@formation.com	system	2025-09-25 12:20:43.841848
271	SEARCH	Recherche dans Apprenant via searchApprenants	0	APPRENANT	\N	\N	\N	2025-09-25 12:20:55.078519	\N	system@formation.com	system	2025-09-25 12:20:55.089869
272	SEARCH	Recherche dans Apprenant via searchApprenants	0	APPRENANT	\N	\N	\N	2025-09-25 12:21:12.053716	\N	system@formation.com	system	2025-09-25 12:21:12.062578
273	SEARCH	Recherche dans Apprenant via searchApprenants	0	APPRENANT	\N	\N	\N	2025-09-25 12:21:28.981781	\N	system@formation.com	system	2025-09-25 12:21:28.98569
274	SEARCH	Recherche dans Apprenant via searchApprenants	0	APPRENANT	\N	\N	\N	2025-09-25 12:21:39.042375	\N	system@formation.com	system	2025-09-25 12:21:39.048042
275	SEARCH	Recherche dans Apprenant via searchApprenants	0	APPRENANT	\N	\N	\N	2025-09-25 12:27:46.296522	\N	system@formation.com	system	2025-09-25 12:27:46.401269
276	SEARCH	Recherche dans Apprenant via searchApprenants	0	APPRENANT	\N	\N	\N	2025-09-25 12:29:49.70071	\N	system@formation.com	system	2025-09-25 12:29:49.704712
277	READ	Consultation dans Apprenant via countApprenants	0	APPRENANT	\N	\N	\N	2025-09-25 12:34:57.616659	\N	user@example.com	user	2025-09-25 12:34:57.620218
278	SEARCH	Recherche dans Apprenant via searchApprenants	0	APPRENANT	\N	\N	\N	2025-09-25 12:35:22.249409	\N	system@formation.com	system	2025-09-25 12:35:22.251868
279	SEARCH	Recherche dans Apprenant via searchApprenants	0	APPRENANT	\N	\N	\N	2025-09-25 12:35:28.515414	\N	system@formation.com	system	2025-09-25 12:35:28.518084
280	SEARCH	Recherche dans Apprenant via searchApprenants	0	APPRENANT	\N	\N	\N	2025-09-25 12:35:33.646743	\N	system@formation.com	system	2025-09-25 12:35:33.648693
281	SEARCH	Recherche dans Apprenant via searchApprenants	0	APPRENANT	\N	\N	\N	2025-09-25 12:35:51.337996	\N	system@formation.com	system	2025-09-25 12:35:51.340249
282	READ	Consultation dans Inscription via getAll	0	INSCRIPTION	\N	\N	\N	2025-09-25 12:36:00.794981	\N	user@example.com	user	2025-09-25 12:36:00.798456
283	READ	Consultation dans Paiement via getAll	0	PAIEMENT	\N	\N	\N	2025-09-25 12:36:00.79778	\N	user@example.com	user	2025-09-25 12:36:00.802093
284	READ	Consultation dans Inscription via getAll	0	INSCRIPTION	\N	\N	\N	2025-09-25 12:36:12.185604	\N	user@example.com	user	2025-09-25 12:36:12.187703
285	SEARCH	Recherche dans Apprenant via searchApprenants	0	APPRENANT	\N	\N	\N	2025-09-25 12:36:12.26272	\N	system@formation.com	system	2025-09-25 12:36:12.26533
286	READ	Consultation dans Formation via getAll	0	FORMATION	\N	\N	\N	2025-09-25 12:36:12.364178	\N	system@formation.com	system	2025-09-25 12:36:12.37091
287	SEARCH	Recherche dans Apprenant via searchApprenants	0	APPRENANT	\N	\N	\N	2025-09-25 12:36:31.333244	\N	system@formation.com	system	2025-09-25 12:36:31.336096
288	SEARCH	Recherche dans Apprenant via searchApprenants	0	APPRENANT	\N	\N	\N	2025-09-25 12:36:36.754581	\N	system@formation.com	system	2025-09-25 12:36:36.756327
289	READ	Consultation dans Formation via getAll	0	FORMATION	\N	\N	\N	2025-09-25 12:36:38.466071	\N	user@example.com	user	2025-09-25 12:36:38.467584
290	SEARCH	Recherche dans Apprenant via searchApprenants	0	APPRENANT	\N	\N	\N	2025-09-25 12:36:40.468838	\N	system@formation.com	system	2025-09-25 12:36:40.475999
291	SEARCH	Recherche dans Apprenant via searchApprenants	0	APPRENANT	\N	\N	\N	2025-09-25 12:39:39.570681	\N	system@formation.com	system	2025-09-25 12:39:39.681599
292	SEARCH	Recherche dans Apprenant via searchApprenants	0	APPRENANT	\N	\N	\N	2025-09-25 12:42:00.984201	\N	system@formation.com	system	2025-09-25 12:42:00.988482
293	READ	Consultation dans Inscription via getAll	0	INSCRIPTION	\N	\N	\N	2025-09-25 12:53:43.047442	\N	user@example.com	user	2025-09-25 12:53:43.063246
294	SEARCH	Recherche dans Apprenant via searchApprenants	0	APPRENANT	\N	\N	\N	2025-09-25 12:53:43.441363	\N	system@formation.com	system	2025-09-25 12:53:43.443665
295	READ	Consultation dans Formation via getAll	0	FORMATION	\N	\N	\N	2025-09-25 12:53:43.563104	\N	system@formation.com	system	2025-09-25 12:53:43.565683
296	READ	Consultation dans Formation via getAll	0	FORMATION	\N	\N	\N	2025-09-25 12:53:52.942016	\N	user@example.com	user	2025-09-25 12:53:52.949129
297	READ	Consultation dans Inscription via getAll	0	INSCRIPTION	\N	\N	\N	2025-09-25 12:53:57.380629	\N	user@example.com	user	2025-09-25 12:53:57.38374
298	SEARCH	Recherche dans Apprenant via searchApprenants	0	APPRENANT	\N	\N	\N	2025-09-25 12:53:57.538841	\N	system@formation.com	system	2025-09-25 12:53:57.543798
299	READ	Consultation dans Formation via getAll	0	FORMATION	\N	\N	\N	2025-09-25 12:53:57.666242	\N	system@formation.com	system	2025-09-25 12:53:57.674613
300	READ	Consultation dans Inscription via getAll	0	INSCRIPTION	\N	\N	\N	2025-09-25 12:56:55.180527	\N	user@example.com	user	2025-09-25 12:56:55.185028
301	READ	Consultation dans Paiement via getAll	0	PAIEMENT	\N	\N	\N	2025-09-25 12:56:55.266798	\N	user@example.com	user	2025-09-25 12:56:55.272796
302	SEARCH	Recherche dans Apprenant via searchApprenants	0	APPRENANT	\N	\N	\N	2025-09-25 12:57:27.74862	\N	system@formation.com	system	2025-09-25 12:57:27.750502
303	READ	Consultation dans Apprenant via countApprenants	0	APPRENANT	\N	\N	\N	2025-09-25 13:03:06.758407	\N	user@example.com	user	2025-09-25 13:03:06.841066
304	SEARCH	Recherche dans Apprenant via searchApprenants	0	APPRENANT	\N	\N	\N	2025-09-25 13:05:30.029207	\N	system@formation.com	system	2025-09-25 13:05:30.033186
305	SEARCH	Recherche dans Apprenant via searchApprenants	0	APPRENANT	\N	\N	\N	2025-09-25 13:06:14.437047	\N	system@formation.com	system	2025-09-25 13:06:14.441814
306	SEARCH	Recherche dans Apprenant via searchApprenants	0	APPRENANT	\N	\N	\N	2025-09-25 13:07:16.805103	\N	system@formation.com	system	2025-09-25 13:07:16.811219
307	SEARCH	Recherche dans Apprenant via searchApprenants	0	APPRENANT	\N	\N	\N	2025-09-25 13:11:38.547437	\N	system@formation.com	system	2025-09-25 13:11:38.549619
308	SEARCH	Recherche dans Apprenant via searchApprenants	0	APPRENANT	\N	\N	\N	2025-09-25 13:11:56.855818	\N	system@formation.com	system	2025-09-25 13:11:56.857498
309	READ	Consultation dans Paiement via getAll	0	PAIEMENT	\N	\N	\N	2025-09-25 13:12:03.05665	\N	user@example.com	user	2025-09-25 13:12:03.060255
310	READ	Consultation dans Inscription via getAll	0	INSCRIPTION	\N	\N	\N	2025-09-25 13:12:03.056643	\N	user@example.com	user	2025-09-25 13:12:03.059841
311	SEARCH	Recherche dans Apprenant via searchApprenants	0	APPRENANT	\N	\N	\N	2025-09-25 13:12:50.495633	\N	system@formation.com	system	2025-09-25 13:12:50.499915
312	SEARCH	Recherche dans Apprenant via searchApprenants	0	APPRENANT	\N	\N	\N	2025-09-25 13:15:09.310954	\N	system@formation.com	system	2025-09-25 13:15:09.315357
313	SEARCH	Recherche dans Apprenant via searchApprenants	0	APPRENANT	\N	\N	\N	2025-09-25 13:15:14.807117	\N	system@formation.com	system	2025-09-25 13:15:14.809062
315	SEARCH	Recherche dans Apprenant via searchApprenants	0	APPRENANT	\N	\N	\N	2025-09-25 13:15:18.135524	\N	system@formation.com	system	2025-09-25 13:15:18.139573
316	SEARCH	Recherche dans Apprenant via searchApprenants	0	APPRENANT	\N	\N	\N	2025-09-25 13:16:23.936376	\N	system@formation.com	system	2025-09-25 13:16:23.939976
317	SEARCH	Recherche dans Apprenant via searchApprenants	0	APPRENANT	\N	\N	\N	2025-09-25 13:18:48.774659	\N	system@formation.com	system	2025-09-25 13:18:48.776308
318	SEARCH	Recherche dans Apprenant via searchApprenants	0	APPRENANT	\N	\N	\N	2025-09-25 13:18:58.120829	\N	system@formation.com	system	2025-09-25 13:18:58.123636
319	SEARCH	Recherche dans Apprenant via searchApprenants	0	APPRENANT	\N	\N	\N	2025-09-25 13:19:08.76225	\N	system@formation.com	system	2025-09-25 13:19:08.768211
320	SEARCH	Recherche dans Apprenant via searchApprenants	0	APPRENANT	\N	\N	\N	2025-09-25 13:19:18.790718	\N	system@formation.com	system	2025-09-25 13:19:18.79229
314	SEARCH	Recherche dans Apprenant via searchApprenants	0	APPRENANT	\N	\N	\N	2025-09-25 13:15:16.666142	\N	system@formation.com	system	2025-09-25 13:15:16.669366
321	SEARCH	Recherche dans Apprenant via searchApprenants	0	APPRENANT	\N	\N	\N	2025-09-25 13:19:26.535587	\N	system@formation.com	system	2025-09-25 13:19:26.539724
322	SEARCH	Recherche dans Apprenant via searchApprenants	0	APPRENANT	\N	\N	\N	2025-09-25 13:21:45.959588	\N	system@formation.com	system	2025-09-25 13:21:45.963693
323	SEARCH	Recherche dans Apprenant via searchApprenants	0	APPRENANT	\N	\N	\N	2025-09-25 13:22:17.052186	\N	system@formation.com	system	2025-09-25 13:22:17.054171
324	SEARCH	Recherche dans Apprenant via searchApprenants	0	APPRENANT	\N	\N	\N	2025-09-25 13:22:17.765377	\N	system@formation.com	system	2025-09-25 13:22:17.767078
325	SEARCH	Recherche dans Apprenant via searchApprenants	0	APPRENANT	\N	\N	\N	2025-09-25 13:22:20.863745	\N	system@formation.com	system	2025-09-25 13:22:20.867599
326	READ	Consultation dans Formation via getAll	0	FORMATION	\N	\N	\N	2025-09-25 13:22:22.709982	\N	user@example.com	user	2025-09-25 13:22:22.711817
327	READ	Consultation dans Inscription via getAll	0	INSCRIPTION	\N	\N	\N	2025-09-25 13:22:23.202087	\N	user@example.com	user	2025-09-25 13:22:23.204865
328	SEARCH	Recherche dans Apprenant via searchApprenants	0	APPRENANT	\N	\N	\N	2025-09-25 13:22:23.253377	\N	system@formation.com	system	2025-09-25 13:22:23.256577
329	READ	Consultation dans Formation via getAll	0	FORMATION	\N	\N	\N	2025-09-25 13:22:23.329615	\N	system@formation.com	system	2025-09-25 13:22:23.334121
330	READ	Consultation dans Paiement via getAll	0	PAIEMENT	\N	\N	\N	2025-09-25 13:24:08.978642	\N	user@example.com	user	2025-09-25 13:24:08.982293
331	READ	Consultation dans Inscription via getAll	0	INSCRIPTION	\N	\N	\N	2025-09-25 13:24:08.9848	\N	user@example.com	user	2025-09-25 13:24:08.989046
332	READ	Consultation dans Apprenant via countApprenants	0	APPRENANT	\N	\N	\N	2025-09-25 13:24:23.87638	\N	user@example.com	user	2025-09-25 13:24:23.87873
333	READ	Consultation dans Paiement via getAll	0	PAIEMENT	\N	\N	\N	2025-09-25 13:24:28.775016	\N	user@example.com	user	2025-09-25 13:24:28.780866
334	READ	Consultation dans Inscription via getAll	0	INSCRIPTION	\N	\N	\N	2025-09-25 13:24:28.778913	\N	user@example.com	user	2025-09-25 13:24:28.786319
335	SEARCH	Recherche dans Apprenant via searchApprenants	0	APPRENANT	\N	\N	\N	2025-09-25 13:24:42.849512	\N	system@formation.com	system	2025-09-25 13:24:42.853575
336	READ	Consultation dans Formation via getAll	0	FORMATION	\N	\N	\N	2025-09-25 13:24:53.755602	\N	user@example.com	user	2025-09-25 13:24:53.75861
337	READ	Consultation dans Inscription via getAll	0	INSCRIPTION	\N	\N	\N	2025-09-25 13:24:54.401728	\N	user@example.com	user	2025-09-25 13:24:54.403881
338	SEARCH	Recherche dans Apprenant via searchApprenants	0	APPRENANT	\N	\N	\N	2025-09-25 13:24:54.444504	\N	system@formation.com	system	2025-09-25 13:24:54.44638
339	READ	Consultation dans Formation via getAll	0	FORMATION	\N	\N	\N	2025-09-25 13:24:54.565183	\N	system@formation.com	system	2025-09-25 13:24:54.567295
340	CREATE	Création de Inscription #10 via create	10	INSCRIPTION	\N	\N	\N	2025-09-25 13:25:07.584272	\N	user@example.com	user	2025-09-25 13:25:07.585258
341	READ	Consultation dans Inscription via getAll	0	INSCRIPTION	\N	\N	\N	2025-09-25 13:25:07.619356	\N	user@example.com	user	2025-09-25 13:25:07.620353
342	SEARCH	Recherche dans Apprenant via searchApprenants	0	APPRENANT	\N	\N	\N	2025-09-25 13:25:07.666163	\N	system@formation.com	system	2025-09-25 13:25:07.667632
343	READ	Consultation dans Formation via getAll	0	FORMATION	\N	\N	\N	2025-09-25 13:25:07.842788	\N	system@formation.com	system	2025-09-25 13:25:07.844289
344	READ	Consultation dans Formation via getAll	0	FORMATION	\N	\N	\N	2025-09-25 13:25:21.271167	\N	user@example.com	user	2025-09-25 13:25:21.272951
345	READ	Consultation dans Inscription via getAll	0	INSCRIPTION	\N	\N	\N	2025-09-25 13:25:22.219199	\N	user@example.com	user	2025-09-25 13:25:22.221566
346	SEARCH	Recherche dans Apprenant via searchApprenants	0	APPRENANT	\N	\N	\N	2025-09-25 13:25:22.283958	\N	system@formation.com	system	2025-09-25 13:25:22.286395
347	READ	Consultation dans Formation via getAll	0	FORMATION	\N	\N	\N	2025-09-25 13:25:22.448797	\N	system@formation.com	system	2025-09-25 13:25:22.45207
348	SEARCH	Recherche dans Apprenant via searchApprenants	0	APPRENANT	\N	\N	\N	2025-09-25 13:25:49.975934	\N	system@formation.com	system	2025-09-25 13:25:49.978328
349	SEARCH	Recherche dans Apprenant via searchApprenants	0	APPRENANT	\N	\N	\N	2025-09-25 13:25:54.313673	\N	system@formation.com	system	2025-09-25 13:25:54.316591
350	SEARCH	Recherche dans Apprenant via searchApprenants	0	APPRENANT	\N	\N	\N	2025-09-25 13:25:55.390377	\N	system@formation.com	system	2025-09-25 13:25:55.393055
351	READ	Consultation dans Inscription via getAll	0	INSCRIPTION	\N	\N	\N	2025-09-25 13:26:13.923939	\N	user@example.com	user	2025-09-25 13:26:13.925793
352	SEARCH	Recherche dans Apprenant via searchApprenants	0	APPRENANT	\N	\N	\N	2025-09-25 13:26:13.952287	\N	system@formation.com	system	2025-09-25 13:26:13.953402
353	READ	Consultation dans Formation via getAll	0	FORMATION	\N	\N	\N	2025-09-25 13:26:14.092931	\N	system@formation.com	system	2025-09-25 13:26:14.094543
354	READ	Consultation dans Formation via getAll	0	FORMATION	\N	\N	\N	2025-09-25 13:27:31.50593	\N	user@example.com	user	2025-09-25 13:27:31.507894
355	READ	Consultation dans Inscription via getAll	0	INSCRIPTION	\N	\N	\N	2025-09-25 13:27:56.28523	\N	user@example.com	user	2025-09-25 13:27:56.286688
356	SEARCH	Recherche dans Apprenant via searchApprenants	0	APPRENANT	\N	\N	\N	2025-09-25 13:27:56.315803	\N	system@formation.com	system	2025-09-25 13:27:56.31711
357	READ	Consultation dans Formation via getAll	0	FORMATION	\N	\N	\N	2025-09-25 13:27:56.426422	\N	system@formation.com	system	2025-09-25 13:27:56.428417
358	READ	Consultation dans Formation via getAll	0	FORMATION	\N	\N	\N	2025-09-25 13:28:47.258989	\N	user@example.com	user	2025-09-25 13:28:47.261741
359	READ	Consultation dans Paiement via getAll	0	PAIEMENT	\N	\N	\N	2025-09-25 13:28:48.385264	\N	user@example.com	user	2025-09-25 13:28:48.387477
360	READ	Consultation dans Inscription via getAll	0	INSCRIPTION	\N	\N	\N	2025-09-25 13:28:48.390088	\N	user@example.com	user	2025-09-25 13:28:48.39336
361	READ	Consultation dans Inscription via getAll	0	INSCRIPTION	\N	\N	\N	2025-09-25 13:28:52.914342	\N	user@example.com	user	2025-09-25 13:28:52.916521
362	SEARCH	Recherche dans Apprenant via searchApprenants	0	APPRENANT	\N	\N	\N	2025-09-25 13:28:52.971981	\N	system@formation.com	system	2025-09-25 13:28:52.973273
363	READ	Consultation dans Formation via getAll	0	FORMATION	\N	\N	\N	2025-09-25 13:28:53.095259	\N	system@formation.com	system	2025-09-25 13:28:53.097335
364	READ	Consultation dans Inscription via getAll	0	INSCRIPTION	\N	\N	\N	2025-09-25 13:29:00.542565	\N	user@example.com	user	2025-09-25 13:29:00.54528
365	SEARCH	Recherche dans Apprenant via searchApprenants	0	APPRENANT	\N	\N	\N	2025-09-25 13:29:00.592217	\N	system@formation.com	system	2025-09-25 13:29:00.593732
366	READ	Consultation dans Formation via getAll	0	FORMATION	\N	\N	\N	2025-09-25 13:29:00.702574	\N	system@formation.com	system	2025-09-25 13:29:00.704688
367	READ	Consultation dans Inscription via getAll	0	INSCRIPTION	\N	\N	\N	2025-09-25 13:29:04.269363	\N	user@example.com	user	2025-09-25 13:29:04.270509
368	SEARCH	Recherche dans Apprenant via searchApprenants	0	APPRENANT	\N	\N	\N	2025-09-25 13:29:04.345284	\N	system@formation.com	system	2025-09-25 13:29:04.348746
369	READ	Consultation dans Formation via getAll	0	FORMATION	\N	\N	\N	2025-09-25 13:29:04.433775	\N	system@formation.com	system	2025-09-25 13:29:04.435504
371	READ	Consultation dans Inscription via getAll	0	INSCRIPTION	\N	\N	\N	2025-09-25 13:29:07.230922	\N	user@example.com	user	2025-09-25 13:29:07.238822
372	READ	Consultation dans Formation via getAll	0	FORMATION	\N	\N	\N	2025-09-25 13:29:08.841615	\N	user@example.com	user	2025-09-25 13:29:08.843042
373	READ	Consultation dans Inscription via getAll	0	INSCRIPTION	\N	\N	\N	2025-09-25 13:29:09.697698	\N	user@example.com	user	2025-09-25 13:29:09.700452
374	SEARCH	Recherche dans Apprenant via searchApprenants	0	APPRENANT	\N	\N	\N	2025-09-25 13:29:09.741677	\N	system@formation.com	system	2025-09-25 13:29:09.744744
375	READ	Consultation dans Formation via getAll	0	FORMATION	\N	\N	\N	2025-09-25 13:29:09.832945	\N	system@formation.com	system	2025-09-25 13:29:09.834553
376	READ	Consultation dans Inscription via getAll	0	INSCRIPTION	\N	\N	\N	2025-09-25 13:29:55.478777	\N	user@example.com	user	2025-09-25 13:29:55.480074
377	SEARCH	Recherche dans Apprenant via searchApprenants	0	APPRENANT	\N	\N	\N	2025-09-25 13:29:55.57094	\N	system@formation.com	system	2025-09-25 13:29:55.572539
379	READ	Consultation dans Inscription via getAll	0	INSCRIPTION	\N	\N	\N	2025-09-25 13:30:15.330301	\N	user@example.com	user	2025-09-25 13:30:15.331662
380	SEARCH	Recherche dans Apprenant via searchApprenants	0	APPRENANT	\N	\N	\N	2025-09-25 13:30:15.37463	\N	system@formation.com	system	2025-09-25 13:30:15.375942
381	READ	Consultation dans Formation via getAll	0	FORMATION	\N	\N	\N	2025-09-25 13:30:15.495084	\N	system@formation.com	system	2025-09-25 13:30:15.496504
382	READ	Consultation dans Inscription via getAll	0	INSCRIPTION	\N	\N	\N	2025-09-25 13:30:27.760106	\N	user@example.com	user	2025-09-25 13:30:27.76199
383	SEARCH	Recherche dans Apprenant via searchApprenants	0	APPRENANT	\N	\N	\N	2025-09-25 13:30:27.84713	\N	system@formation.com	system	2025-09-25 13:30:27.848453
384	READ	Consultation dans Formation via getAll	0	FORMATION	\N	\N	\N	2025-09-25 13:30:27.947777	\N	system@formation.com	system	2025-09-25 13:30:27.948903
385	READ	Consultation dans Inscription via getAll	0	INSCRIPTION	\N	\N	\N	2025-09-25 13:30:32.279493	\N	user@example.com	user	2025-09-25 13:30:32.283489
386	SEARCH	Recherche dans Apprenant via searchApprenants	0	APPRENANT	\N	\N	\N	2025-09-25 13:30:32.399076	\N	system@formation.com	system	2025-09-25 13:30:32.40063
387	READ	Consultation dans Formation via getAll	0	FORMATION	\N	\N	\N	2025-09-25 13:30:32.5701	\N	system@formation.com	system	2025-09-25 13:30:32.571547
389	SEARCH	Recherche dans Apprenant via searchApprenants	0	APPRENANT	\N	\N	\N	2025-09-25 13:30:36.2589	\N	system@formation.com	system	2025-09-25 13:30:36.260685
390	READ	Consultation dans Inscription via getAll	0	INSCRIPTION	\N	\N	\N	2025-09-25 13:30:37.380562	\N	user@example.com	user	2025-09-25 13:30:37.381773
391	SEARCH	Recherche dans Apprenant via searchApprenants	0	APPRENANT	\N	\N	\N	2025-09-25 13:30:37.453481	\N	system@formation.com	system	2025-09-25 13:30:37.456089
392	READ	Consultation dans Formation via getAll	0	FORMATION	\N	\N	\N	2025-09-25 13:30:37.567582	\N	system@formation.com	system	2025-09-25 13:30:37.56916
370	READ	Consultation dans Paiement via getAll	0	PAIEMENT	\N	\N	\N	2025-09-25 13:29:07.223583	\N	user@example.com	user	2025-09-25 13:29:07.225074
378	READ	Consultation dans Formation via getAll	0	FORMATION	\N	\N	\N	2025-09-25 13:29:55.870906	\N	system@formation.com	system	2025-09-25 13:29:55.872242
388	READ	Consultation dans Formation via getAll	0	FORMATION	\N	\N	\N	2025-09-25 13:30:35.17904	\N	user@example.com	user	2025-09-25 13:30:35.181135
393	READ	Consultation dans Inscription via getAll	0	INSCRIPTION	\N	\N	\N	2025-09-25 13:31:20.620611	\N	user@example.com	user	2025-09-25 13:31:20.622644
394	READ	Consultation dans Inscription via getAll	0	INSCRIPTION	\N	\N	\N	2025-09-25 13:33:17.859065	\N	user@example.com	user	2025-09-25 13:33:17.860183
395	SEARCH	Recherche dans Apprenant via searchApprenants	0	APPRENANT	\N	\N	\N	2025-09-25 13:33:17.96036	\N	system@formation.com	system	2025-09-25 13:33:17.961558
396	READ	Consultation dans Formation via getAll	0	FORMATION	\N	\N	\N	2025-09-25 13:33:18.040746	\N	system@formation.com	system	2025-09-25 13:33:18.041882
397	READ	Consultation dans Inscription via getAll	0	INSCRIPTION	\N	\N	\N	2025-09-25 13:33:24.668943	\N	user@example.com	user	2025-09-25 13:33:24.670473
398	SEARCH	Recherche dans Apprenant via searchApprenants	0	APPRENANT	\N	\N	\N	2025-09-25 13:33:24.776645	\N	system@formation.com	system	2025-09-25 13:33:24.778297
399	READ	Consultation dans Formation via getAll	0	FORMATION	\N	\N	\N	2025-09-25 13:33:24.824414	\N	system@formation.com	system	2025-09-25 13:33:24.829443
400	READ	Consultation dans Formation via getAll	0	FORMATION	\N	\N	\N	2025-09-25 13:33:26.355926	\N	user@example.com	user	2025-09-25 13:33:26.357833
401	SEARCH	Recherche dans Apprenant via searchApprenants	0	APPRENANT	\N	\N	\N	2025-09-25 13:33:28.541911	\N	system@formation.com	system	2025-09-25 13:33:28.54314
402	READ	Consultation dans Inscription via getAll	0	INSCRIPTION	\N	\N	\N	2025-09-25 13:33:32.575586	\N	user@example.com	user	2025-09-25 13:33:32.576818
403	SEARCH	Recherche dans Apprenant via searchApprenants	0	APPRENANT	\N	\N	\N	2025-09-25 13:33:32.624609	\N	system@formation.com	system	2025-09-25 13:33:32.628454
404	READ	Consultation dans Formation via getAll	0	FORMATION	\N	\N	\N	2025-09-25 13:33:32.697321	\N	system@formation.com	system	2025-09-25 13:33:32.69867
405	READ	Consultation dans Inscription via getAll	0	INSCRIPTION	\N	\N	\N	2025-09-25 13:34:24.584807	\N	user@example.com	user	2025-09-25 13:34:24.586389
406	SEARCH	Recherche dans Apprenant via searchApprenants	0	APPRENANT	\N	\N	\N	2025-09-25 13:34:24.629828	\N	system@formation.com	system	2025-09-25 13:34:24.630924
407	READ	Consultation dans Formation via getAll	0	FORMATION	\N	\N	\N	2025-09-25 13:34:24.698431	\N	system@formation.com	system	2025-09-25 13:34:24.699621
408	SEARCH	Recherche dans Apprenant via searchApprenants	0	APPRENANT	\N	\N	\N	2025-09-25 13:34:39.865668	\N	system@formation.com	system	2025-09-25 13:34:39.867381
409	READ	Consultation dans Inscription via getAll	0	INSCRIPTION	\N	\N	\N	2025-09-25 13:35:14.689773	\N	user@example.com	user	2025-09-25 13:35:14.692648
410	READ	Consultation dans Paiement via getAll	0	PAIEMENT	\N	\N	\N	2025-09-25 13:35:14.69689	\N	user@example.com	user	2025-09-25 13:35:14.700189
411	READ	Consultation dans Inscription via getAll	0	INSCRIPTION	\N	\N	\N	2025-09-25 13:35:15.556821	\N	user@example.com	user	2025-09-25 13:35:15.558246
412	SEARCH	Recherche dans Apprenant via searchApprenants	0	APPRENANT	\N	\N	\N	2025-09-25 13:35:15.606675	\N	system@formation.com	system	2025-09-25 13:35:15.607665
413	READ	Consultation dans Formation via getAll	0	FORMATION	\N	\N	\N	2025-09-25 13:35:15.702309	\N	system@formation.com	system	2025-09-25 13:35:15.704538
414	READ	Consultation dans Paiement via getAll	0	PAIEMENT	\N	\N	\N	2025-09-25 13:35:24.424421	\N	user@example.com	user	2025-09-25 13:35:24.425772
415	READ	Consultation dans Inscription via getAll	0	INSCRIPTION	\N	\N	\N	2025-09-25 13:35:24.424502	\N	user@example.com	user	2025-09-25 13:35:24.427098
\.


--
-- Data for Name: apprenant; Type: TABLE DATA; Schema: public; Owner: postgres
--

COPY public.apprenant (id_apprenant, nom, prenom, email, telephone, adresse, date_naissance, cin, date_now) FROM stdin;
3	ANDRY	Paul	paul.andry@email.com	+261 32 44 555 66	Fianarantsoa	1992-11-08	345678901234	2025-09-24 18:33:23.263379
6	NOFY	Elson	elsonnofy@gmail.com	+261 34 00 11 22	Ambodirano	2003-01-01	201032120421	2025-09-24 18:33:23.263379
9	dieu donne	fandresena	rafandresenadieudonne@gmail.com	0388243781	IG006/3204 Igaga	2004-06-17	325222222442	2025-09-24 18:33:23.263379
11	NOUVEAU	Etudiant	nouveau.etudiant.1758703169@example.com	+26134998877	Antananarivo, Madagascar	1995-06-15	999888777666	2025-09-24 18:33:23.263379
5	RINA	DavidVISECO	david.rina@email.com	+261 33 66 777 88	Toamasina	1994-09-25	567890123456	2025-09-24 18:33:23.263379
14	iiiiiiii	iiiiiiii	admin.thunder@example.com	23232334		2000-01-01	384309480923	2025-09-24 18:33:23.263379
15	audit	Audit	audit@gmail.com	23232334		2000-09-17	210020223	2024-09-24 18:33:23.263379
18	LIFO	LIFO	admin.33@example.com	23232334	djsad	2000-12-22	12341241212412	2025-09-24 18:48:20.657277
20	Nom 1	Prenom 1	apprenant_1758789012084_578214_1@example.com	0347000001	Adresse 1	1988-02-07	C5769ddf7fc4dda79d9	2025-09-25 10:30:12.083654
21	Nom 2	Prenom 2	apprenant_1758789012084_578214_2@example.com	0347000002	Adresse 2	1988-03-15	C31623c586e32b232de	2025-09-25 09:30:12.083654
22	Nom 3	Prenom 3	apprenant_1758789012084_578214_3@example.com	0347000003	Adresse 3	1988-04-21	C8c3ffdf01437d7948c	2025-09-25 08:30:12.083654
23	Nom 4	Prenom 4	apprenant_1758789012084_578214_4@example.com	0347000004	Adresse 4	1988-05-28	C70194406599405e17a	2025-09-25 07:30:12.083654
24	Nom 5	Prenom 5	apprenant_1758789012084_578214_5@example.com	0347000005	Adresse 5	1988-07-04	C1e2cc582e2f433e571	2025-09-25 06:30:12.083654
25	Nom 6	Prenom 6	apprenant_1758789012084_578214_6@example.com	0347000006	Adresse 6	1988-08-10	Cd8ec4ce0973aee14c2	2025-09-25 05:30:12.083654
26	Nom 7	Prenom 7	apprenant_1758789012084_578214_7@example.com	0347000007	Adresse 7	1988-09-16	Cdd8e2c780fdb58093e	2025-09-25 04:30:12.083654
27	Nom 8	Prenom 8	apprenant_1758789012084_578214_8@example.com	0347000008	Adresse 8	1988-10-23	C31cc888d6ee3287666	2025-09-25 03:30:12.083654
28	Nom 9	Prenom 9	apprenant_1758789012084_578214_9@example.com	0347000009	Adresse 9	1988-11-29	Cf4895a3fa7857de163	2025-09-25 02:30:12.083654
29	Nom 10	Prenom 10	apprenant_1758789012084_578214_10@example.com	0347000010	Adresse 10	1989-01-05	C2bcea3412e9070a094	2025-09-25 01:30:12.083654
30	Nom 11	Prenom 11	apprenant_1758789012084_578214_11@example.com	0347000011	Adresse 11	1989-02-11	C6b2dc3dd25a64d125a	2025-09-25 00:30:12.083654
31	Nom 12	Prenom 12	apprenant_1758789012084_578214_12@example.com	0347000012	Adresse 12	1989-03-20	C117ca6e88077cb0173	2025-09-24 23:30:12.083654
32	Nom 13	Prenom 13	apprenant_1758789012084_578214_13@example.com	0347000013	Adresse 13	1989-04-26	Cc58b0db9d3e1c2221a	2025-09-24 22:30:12.083654
33	Nom 14	Prenom 14	apprenant_1758789012084_578214_14@example.com	0347000014	Adresse 14	1989-06-02	C528b247106ac735be3	2025-09-24 21:30:12.083654
34	Nom 15	Prenom 15	apprenant_1758789012084_578214_15@example.com	0347000015	Adresse 15	1989-07-09	Cb9a5e1c1992d4f750f	2025-09-24 20:30:12.083654
35	Nom 16	Prenom 16	apprenant_1758789012084_578214_16@example.com	0347000016	Adresse 16	1989-08-15	C047937a3a487307e83	2025-09-24 19:30:12.083654
36	Nom 17	Prenom 17	apprenant_1758789012084_578214_17@example.com	0347000017	Adresse 17	1989-09-21	Cea6e9e6442b6ab7909	2025-09-24 18:30:12.083654
37	Nom 18	Prenom 18	apprenant_1758789012084_578214_18@example.com	0347000018	Adresse 18	1989-10-28	C06d231f8717454ccbc	2025-09-24 17:30:12.083654
38	Nom 19	Prenom 19	apprenant_1758789012084_578214_19@example.com	0347000019	Adresse 19	1989-12-04	Ccb4496b49e24f29858	2025-09-24 16:30:12.083654
39	Nom 20	Prenom 20	apprenant_1758789012084_578214_20@example.com	0347000020	Adresse 20	1990-01-10	C8f6602d9f105f5c512	2025-09-24 15:30:12.083654
40	Nom 21	Prenom 21	apprenant_1758789012084_578214_21@example.com	0347000021	Adresse 21	1990-02-16	C093e8ee73dcde56e73	2025-09-24 14:30:12.083654
41	Nom 22	Prenom 22	apprenant_1758789012084_578214_22@example.com	0347000022	Adresse 22	1990-03-25	Cd8f7949f9612ae2479	2025-09-24 13:30:12.083654
42	Nom 23	Prenom 23	apprenant_1758789012084_578214_23@example.com	0347000023	Adresse 23	1990-05-01	Cf4366d9338a864c087	2025-09-24 12:30:12.083654
43	Nom 24	Prenom 24	apprenant_1758789012084_578214_24@example.com	0347000024	Adresse 24	1990-06-07	C0ace16ac881b2718f6	2025-09-24 11:30:12.083654
44	Nom 25	Prenom 25	apprenant_1758789012084_578214_25@example.com	0347000025	Adresse 25	1990-07-14	Cb1d68dc132e058e6c0	2025-09-24 10:30:12.083654
45	Nom 26	Prenom 26	apprenant_1758789012084_578214_26@example.com	0347000026	Adresse 26	1990-08-20	Cf757a535e00fb95acd	2025-09-24 09:30:12.083654
46	Nom 27	Prenom 27	apprenant_1758789012084_578214_27@example.com	0347000027	Adresse 27	1990-09-26	C36aa663251cee9e9e5	2025-09-24 08:30:12.083654
47	Nom 28	Prenom 28	apprenant_1758789012084_578214_28@example.com	0347000028	Adresse 28	1990-11-02	C46373a873bb1c83a10	2025-09-24 07:30:12.083654
48	Nom 29	Prenom 29	apprenant_1758789012084_578214_29@example.com	0347000029	Adresse 29	1990-12-09	Cc30f0538b0a3602976	2025-09-24 06:30:12.083654
49	Nom 30	Prenom 30	apprenant_1758789012084_578214_30@example.com	0347000030	Adresse 30	1991-01-15	Cf4ff520f6d81eec8f2	2025-09-24 05:30:12.083654
50	Nom 31	Prenom 31	apprenant_1758789012084_578214_31@example.com	0347000031	Adresse 31	1991-02-21	Cfec0024fa6938acc92	2025-09-24 04:30:12.083654
51	Nom 32	Prenom 32	apprenant_1758789012084_578214_32@example.com	0347000032	Adresse 32	1991-03-30	C6a761cf20992d7302d	2025-09-24 03:30:12.083654
52	Nom 33	Prenom 33	apprenant_1758789012084_578214_33@example.com	0347000033	Adresse 33	1991-05-06	C7def7c1642706330ae	2025-09-24 02:30:12.083654
53	Nom 34	Prenom 34	apprenant_1758789012084_578214_34@example.com	0347000034	Adresse 34	1991-06-12	C3f0c740b7c7dff0cf6	2025-09-24 01:30:12.083654
54	Nom 35	Prenom 35	apprenant_1758789012084_578214_35@example.com	0347000035	Adresse 35	1991-07-19	Ca5cddaa159880a8872	2025-09-24 00:30:12.083654
55	Nom 36	Prenom 36	apprenant_1758789012084_578214_36@example.com	0347000036	Adresse 36	1991-08-25	C617c60ba0cb962d362	2025-09-23 23:30:12.083654
56	Nom 37	Prenom 37	apprenant_1758789012084_578214_37@example.com	0347000037	Adresse 37	1991-10-01	C4e50313894abc35d3f	2025-09-23 22:30:12.083654
57	Nom 38	Prenom 38	apprenant_1758789012084_578214_38@example.com	0347000038	Adresse 38	1991-11-07	C09dbbd2eb35b36aee9	2025-09-23 21:30:12.083654
58	Nom 39	Prenom 39	apprenant_1758789012084_578214_39@example.com	0347000039	Adresse 39	1991-12-14	C1df80a275046ff2887	2025-09-23 20:30:12.083654
59	Nom 40	Prenom 40	apprenant_1758789012084_578214_40@example.com	0347000040	Adresse 40	1992-01-20	C932504c87e93b32701	2025-09-23 19:30:12.083654
60	Nom 41	Prenom 41	apprenant_1758789012084_578214_41@example.com	0347000041	Adresse 41	1992-02-26	C33c175dc9d4fd537aa	2025-09-23 18:30:12.083654
61	Nom 42	Prenom 42	apprenant_1758789012084_578214_42@example.com	0347000042	Adresse 42	1992-04-03	C58569c41c947bcd3a1	2025-09-23 17:30:12.083654
62	Nom 43	Prenom 43	apprenant_1758789012084_578214_43@example.com	0347000043	Adresse 43	1992-05-10	C63f204b125d1cb8a5f	2025-09-23 16:30:12.083654
63	Nom 44	Prenom 44	apprenant_1758789012084_578214_44@example.com	0347000044	Adresse 44	1992-06-16	Ca0209eefad471f8f29	2025-09-23 15:30:12.083654
64	Dupont	Jean	jean.dupont@test.com	0123456789	123 Rue de la Paix	1990-05-15	CIN001	2025-09-25 12:16:35.569007
65	Martin	Marie	marie.martin@test.com	0234567890	456 Avenue du Soleil	1992-03-22	CIN002	2025-09-25 12:16:35.63078
66	Bernard	Pierre	pierre.bernard@test.com	0345678901	789 Boulevard Central	1988-11-08	CIN003	2025-09-25 12:16:35.636486
67	Durand	Sophie	sophie.durand@test.com	0456789012	321 Rue des Fleurs	1995-07-12	CIN004	2025-09-25 12:16:35.641609
68	Leroy	Paul	paul.leroy.nodate@excel.com	567890123	123 Rue Excel NoDate	\N	CIN201	2025-09-25 12:29:31.724396
69	Petit	Emma	emma.petit.nodate@excel.com	678901234	456 Avenue Excel NoDate	\N	CIN202	2025-09-25 12:29:31.739316
70	Roux	Luc	luc.roux.nodate@excel.com	789012345	789 Boulevard Excel NoDate	\N	CIN203	2025-09-25 12:29:31.745454
71	Import	Import	sop22hie.durand@test.com	045126789012	321 Rue des Fleurs	1999-07-12	CIN08804	2025-09-25 13:21:45.858838
\.


--
-- Data for Name: formation; Type: TABLE DATA; Schema: public; Owner: postgres
--

COPY public.formation (id_formation, nom, description, duree, frais, date_now) FROM stdin;
4	CG	Bases de la comptabilité et gestion d'entreprise	100	300000.00	2025-09-24 18:33:23.263379
8	LIFO	lifo	30	200000.00	2024-09-24 18:50:30.663711
5	Anglais 	Anglais professionnel pour le monde des affaires	40	150000.00	2024-09-24 18:33:23.263379
\.


--
-- Data for Name: inscription; Type: TABLE DATA; Schema: public; Owner: postgres
--

COPY public.inscription (id_inscription, id_apprenant, id_formation, date_inscription, statut, droit_inscription, date_now) FROM stdin;
5	5	4	2024-02-01	Confirmé	20000.00	2025-09-24 18:33:23.263379
9	18	5	2025-09-25	En attente	20000.00	2025-09-25 10:09:00.222661
10	71	5	2025-09-25	En attente	2000.00	2025-09-25 13:25:07.574546
\.


--
-- Data for Name: paiement; Type: TABLE DATA; Schema: public; Owner: postgres
--

COPY public.paiement (id_paiement, id_inscription, date_paiement, montant, mode_paiement, module, date_now) FROM stdin;
8	5	2024-02-03	100000.00	Virement	Module 1	2025-09-24 18:33:23.263379
9	5	2024-03-03	100000.00	Virement	Module 2	2025-09-24 18:33:23.263379
13	5	2025-09-24	10000.00	Mobile Money	Module 2	2025-09-24 18:33:23.263379
14	9	2025-09-25	120000.00	Virement	Module 1	2025-09-25 10:09:57.082571
\.


--
-- Data for Name: utilisateurs; Type: TABLE DATA; Schema: public; Owner: postgres
--

COPY public.utilisateurs (id_utilisateur, email, mot_de_passe_hash, prenom, nom, role, derniere_connexion, tentatives_connexion_echec, compte_verrouille, token_reinitialisation, token_expiration, telephone, statut, email_verifie, date_creation, date_modification, preferences_langue, theme_preference, date_now) FROM stdin;
1	admin@test.com	$2a$10$3DqxWDbF1o7Hdlb7Eckvu.DbGeXURalsM7ta6sSrrpGrDPPeOZ89i	Admin	Test	ADMIN	\N	0	f	\N	\N	+261340123456	ACTIF	f	2025-09-24 10:12:13.210652	2025-09-24 10:12:13.210696	fr	LIGHT	2025-09-24 18:33:23.263379
2	user@test.com	$2a$10$P/YQlN2HdHL0gsq/b19vPuwL3g8LOP/qYU1aa2uNX.RgCZcEanzFi	Jean	Dupont	USER	\N	0	f	\N	\N	+261340654321	ACTIF	f	2025-09-24 10:12:24.919221	2025-09-24 10:12:24.919241	fr	LIGHT	2025-09-24 18:33:23.263379
3	test@example.com	$2a$10$WBdkMpFZppbA.QDdpfsHnOuiUXy5vGyYaVZgUZ2oUfiAW6QT0fyWe	Test	User	USER	\N	0	f	\N	\N	\N	ACTIF	f	2025-09-24 10:18:49.997197	2025-09-24 10:18:49.997237	fr	LIGHT	2025-09-24 18:33:23.263379
4	admin.test.1758701885@example.com	$2a$10$061OfWRh9QKV9IdVKrz00uigontj5kxjNRKNuVX6TGCQj/ErFqd36	Admin	Test	ADMIN	\N	0	f	\N	\N	+261340000000	ACTIF	f	2025-09-24 11:18:05.935687	2025-09-24 11:18:05.935729	fr	LIGHT	2025-09-24 18:33:23.263379
5	admin.test.1758702055@example.com	$2a$10$VCcvLsd.X37fQFQicQthK.NpJatQ9fWas.eiji79UoVsx9PLNwSj.	Admin	Test	ADMIN	\N	0	f	\N	\N	+261340000000	ACTIF	f	2025-09-24 11:20:56.123062	2025-09-24 11:20:56.123084	fr	LIGHT	2025-09-24 18:33:23.263379
6	admin.crud.1758702915@example.com	$2a$10$O4agZs0h8zyBuLa8YI6OjuJtFf5DyEXLEfsMwqWrDgjI4eFEROv2i	Admin	Crud	ADMIN	\N	0	f	\N	\N	\N	ACTIF	f	2025-09-24 11:35:16.133028	2025-09-24 11:35:16.13304	fr	LIGHT	2025-09-24 18:33:23.263379
7	user.crud.1758702918@example.com	$2a$10$k7H6n59/rQFDQPWalWNm6uXheqNUJcjlSjbDIVRPIvCxaFOIZAOTK	U	Crud	USER	\N	0	f	\N	\N	\N	ACTIF	f	2025-09-24 11:35:18.428741	2025-09-24 11:35:18.428752	fr	LIGHT	2025-09-24 18:33:23.263379
8	admin.add.1758703169@example.com	$2a$10$8HTmJkahBWC0XoWWOZCPbeIAyX76jPp1e/HRqXWW58U0iq9.oqjLy	Admin	Test	ADMIN	\N	0	f	\N	\N	\N	ACTIF	f	2025-09-24 11:39:29.698986	2025-09-24 11:39:29.698996	fr	LIGHT	2025-09-24 18:33:23.263379
9	admin.thunder@example.com	$2a$10$nBl1IUbYl4/uul3UH4.Lp.QzIvdloAPXZmAP5CcQsVH2hBnRghoYK	Admin	Thunder	ADMIN	\N	0	f	\N	\N	\N	ACTIF	f	2025-09-24 11:49:26.187521	2025-09-24 11:49:26.187529	fr	LIGHT	2025-09-24 18:33:23.263379
10	fandresena@gmail.com	$2a$10$QuhrIDXr4q9so81vEdrw.uVW.D.ChO65Qw07KD4mwgovT/TH6to8S	fandresena	fandresena	ADMIN	\N	0	f	\N	\N	\N	ACTIF	f	2025-09-24 12:30:18.389552	2025-09-24 12:30:18.389576	fr	LIGHT	2025-09-24 18:33:23.263379
11	nofy@gmail.com	$2a$10$0h.qmuHE0m.XXjH3Mfzq1eZ39i9fBw5xWcORP9stV03XF8Gbv9G2S	nofy	nofy	USER	\N	0	f	\N	\N	\N	ACTIF	f	2025-09-24 12:31:03.94964	2025-09-24 12:31:03.949648	fr	LIGHT	2025-09-24 18:33:23.263379
12	apitest.1758709847@example.com	$2a$10$pRQB4YF63KBLB.5j/UuypOixG69pPUONXDyn0sgotQL6V0AosEZoq	Api	Tester	USER	\N	0	f	\N	\N	+261340000000	ACTIF	f	2025-09-24 13:30:47.17235	2025-09-24 13:30:47.172493	fr	LIGHT	2025-09-24 18:33:23.263379
\.


--
-- Name: activity_log_id_activity_seq; Type: SEQUENCE SET; Schema: public; Owner: postgres
--

SELECT pg_catalog.setval('public.activity_log_id_activity_seq', 415, true);


--
-- Name: apprenant_id_apprenant_seq; Type: SEQUENCE SET; Schema: public; Owner: postgres
--

SELECT pg_catalog.setval('public.apprenant_id_apprenant_seq', 71, true);


--
-- Name: formation_id_formation_seq; Type: SEQUENCE SET; Schema: public; Owner: postgres
--

SELECT pg_catalog.setval('public.formation_id_formation_seq', 8, true);


--
-- Name: inscription_id_inscription_seq; Type: SEQUENCE SET; Schema: public; Owner: postgres
--

SELECT pg_catalog.setval('public.inscription_id_inscription_seq', 10, true);


--
-- Name: paiement_id_paiement_seq; Type: SEQUENCE SET; Schema: public; Owner: postgres
--

SELECT pg_catalog.setval('public.paiement_id_paiement_seq', 14, true);


--
-- Name: utilisateurs_id_utilisateur_seq; Type: SEQUENCE SET; Schema: public; Owner: postgres
--

SELECT pg_catalog.setval('public.utilisateurs_id_utilisateur_seq', 12, true);


--
-- Name: activity_log activity_log_pkey; Type: CONSTRAINT; Schema: public; Owner: postgres
--

ALTER TABLE ONLY public.activity_log
    ADD CONSTRAINT activity_log_pkey PRIMARY KEY (id_activity);


--
-- Name: apprenant apprenant_cin_key; Type: CONSTRAINT; Schema: public; Owner: postgres
--

ALTER TABLE ONLY public.apprenant
    ADD CONSTRAINT apprenant_cin_key UNIQUE (cin);


--
-- Name: apprenant apprenant_email_key; Type: CONSTRAINT; Schema: public; Owner: postgres
--

ALTER TABLE ONLY public.apprenant
    ADD CONSTRAINT apprenant_email_key UNIQUE (email);


--
-- Name: apprenant apprenant_pkey; Type: CONSTRAINT; Schema: public; Owner: postgres
--

ALTER TABLE ONLY public.apprenant
    ADD CONSTRAINT apprenant_pkey PRIMARY KEY (id_apprenant);


--
-- Name: formation formation_pkey; Type: CONSTRAINT; Schema: public; Owner: postgres
--

ALTER TABLE ONLY public.formation
    ADD CONSTRAINT formation_pkey PRIMARY KEY (id_formation);


--
-- Name: inscription inscription_pkey; Type: CONSTRAINT; Schema: public; Owner: postgres
--

ALTER TABLE ONLY public.inscription
    ADD CONSTRAINT inscription_pkey PRIMARY KEY (id_inscription);


--
-- Name: paiement paiement_pkey; Type: CONSTRAINT; Schema: public; Owner: postgres
--

ALTER TABLE ONLY public.paiement
    ADD CONSTRAINT paiement_pkey PRIMARY KEY (id_paiement);


--
-- Name: utilisateurs utilisateurs_email_key; Type: CONSTRAINT; Schema: public; Owner: postgres
--

ALTER TABLE ONLY public.utilisateurs
    ADD CONSTRAINT utilisateurs_email_key UNIQUE (email);


--
-- Name: utilisateurs utilisateurs_pkey; Type: CONSTRAINT; Schema: public; Owner: postgres
--

ALTER TABLE ONLY public.utilisateurs
    ADD CONSTRAINT utilisateurs_pkey PRIMARY KEY (id_utilisateur);


--
-- Name: idx_activity_log_action; Type: INDEX; Schema: public; Owner: postgres
--

CREATE INDEX idx_activity_log_action ON public.activity_log USING btree (action);


--
-- Name: idx_activity_log_entity_type; Type: INDEX; Schema: public; Owner: postgres
--

CREATE INDEX idx_activity_log_entity_type ON public.activity_log USING btree (entity_type);


--
-- Name: idx_activity_log_timestamp; Type: INDEX; Schema: public; Owner: postgres
--

CREATE INDEX idx_activity_log_timestamp ON public.activity_log USING btree ("timestamp");


--
-- Name: idx_activity_log_user_email; Type: INDEX; Schema: public; Owner: postgres
--

CREATE INDEX idx_activity_log_user_email ON public.activity_log USING btree (user_email);


--
-- Name: idx_apprenant_cin; Type: INDEX; Schema: public; Owner: postgres
--

CREATE INDEX idx_apprenant_cin ON public.apprenant USING btree (cin);


--
-- Name: idx_apprenant_date_now; Type: INDEX; Schema: public; Owner: postgres
--

CREATE INDEX idx_apprenant_date_now ON public.apprenant USING btree (date_now DESC);


--
-- Name: idx_apprenant_email; Type: INDEX; Schema: public; Owner: postgres
--

CREATE INDEX idx_apprenant_email ON public.apprenant USING btree (email);


--
-- Name: idx_formation_date_now; Type: INDEX; Schema: public; Owner: postgres
--

CREATE INDEX idx_formation_date_now ON public.formation USING btree (date_now DESC);


--
-- Name: idx_formation_nom; Type: INDEX; Schema: public; Owner: postgres
--

CREATE INDEX idx_formation_nom ON public.formation USING btree (nom);


--
-- Name: idx_inscription_apprenant; Type: INDEX; Schema: public; Owner: postgres
--

CREATE INDEX idx_inscription_apprenant ON public.inscription USING btree (id_apprenant);


--
-- Name: idx_paiement_inscription; Type: INDEX; Schema: public; Owner: postgres
--

CREATE INDEX idx_paiement_inscription ON public.paiement USING btree (id_inscription);


--
-- Name: idx_utilisateurs_email; Type: INDEX; Schema: public; Owner: postgres
--

CREATE INDEX idx_utilisateurs_email ON public.utilisateurs USING btree (email);


--
-- Name: idx_utilisateurs_role; Type: INDEX; Schema: public; Owner: postgres
--

CREATE INDEX idx_utilisateurs_role ON public.utilisateurs USING btree (role);


--
-- Name: idx_utilisateurs_statut; Type: INDEX; Schema: public; Owner: postgres
--

CREATE INDEX idx_utilisateurs_statut ON public.utilisateurs USING btree (statut);


--
-- Name: inscription inscription_id_apprenant_fkey; Type: FK CONSTRAINT; Schema: public; Owner: postgres
--

ALTER TABLE ONLY public.inscription
    ADD CONSTRAINT inscription_id_apprenant_fkey FOREIGN KEY (id_apprenant) REFERENCES public.apprenant(id_apprenant) ON DELETE CASCADE;


--
-- Name: inscription inscription_id_formation_fkey; Type: FK CONSTRAINT; Schema: public; Owner: postgres
--

ALTER TABLE ONLY public.inscription
    ADD CONSTRAINT inscription_id_formation_fkey FOREIGN KEY (id_formation) REFERENCES public.formation(id_formation) ON DELETE CASCADE;


--
-- Name: paiement paiement_id_inscription_fkey; Type: FK CONSTRAINT; Schema: public; Owner: postgres
--

ALTER TABLE ONLY public.paiement
    ADD CONSTRAINT paiement_id_inscription_fkey FOREIGN KEY (id_inscription) REFERENCES public.inscription(id_inscription) ON DELETE CASCADE;


--
-- PostgreSQL database dump complete
--

\unrestrict FCvvK2pQic9bxYCMpwtbmgfEuLT6KzQG5OV6ZTMRWuDXYynxORVwRx3NzErUZ4s

